Country,Region,Residence,Ethnicity,SocDem,Version,Ref-ID,Year1,Year2,TypeLT,Sex,Age,AgeInt,m(x),q(x),l(x),d(x),L(x),T(x),e(x),e(x)Orig
BOL,0,0,0,0,1,4000.8,1950,1950,4,1,0,1,0.21746,0.19053,100000,19053,87616,3776166,37.76,37.75
BOL,0,0,0,0,1,4000.8,1950,1950,4,1,1,4,0.04719,0.1678,80947,13583,287820,3688551,45.57,45.65
BOL,0,0,0,0,1,4000.8,1950,1950,4,1,5,5,0.00795,0.03895,67364,2624,330260,3400730,50.48,50.45
BOL,0,0,0,0,1,4000.8,1950,1950,4,1,10,5,0.00411,0.02036,64740,1318,320405,3070470,47.43,47.4
BOL,0,0,0,0,1,4000.8,1950,1950,4,1,15,5,0.00586,0.02887,63422,1831,312532,2750065,43.36,43.35
BOL,0,0,0,0,1,4000.8,1950,1950,4,1,20,5,0.00885,0.0433,61591,2667,301288,2437533,39.58,39.56
BOL,0,0,0,0,1,4000.8,1950,1950,4,1,25,5,0.00888,0.04345,58924,2560,288220,2136245,36.25,36.25
BOL,0,0,0,0,1,4000.8,1950,1950,4,1,30,5,0.00918,0.04489,56364,2530,275495,1848025,32.79,32.78
BOL,0,0,0,0,1,4000.8,1950,1950,4,1,35,5,0.01032,0.05032,53834,2709,262398,1572530,29.21,29.21
BOL,0,0,0,0,1,4000.8,1950,1950,4,1,40,5,0.01245,0.06038,51125,3087,247908,1310133,25.63,25.62
BOL,0,0,0,0,1,4000.8,1950,1950,4,1,45,5,0.0153,0.07369,48038,3540,231340,1062225,22.11,22.11
BOL,0,0,0,0,1,4000.8,1950,1950,4,1,50,5,0.02008,0.09562,44498,4255,211852,830885,18.67,18.67
BOL,0,0,0,0,1,4000.8,1950,1950,4,1,55,5,0.02777,0.12984,40243,5225,188152,619033,15.38,15.38
BOL,0,0,0,0,1,4000.8,1950,1950,4,1,60,5,0.04112,0.18642,35018,6528,158770,430880,12.3,12.3
BOL,0,0,0,0,1,4000.8,1950,1950,4,1,65,5,0.06197,0.26827,28490,7643,123342,272110,9.55,9.55
BOL,0,0,0,0,1,4000.8,1950,1950,4,1,70,5,0.10214,0.40682,20847,8481,83032,148768,7.14,7.13
BOL,0,0,0,0,1,4000.8,1950,1950,4,1,75,5,0.15863,0.56793,12366,7023,44272,65735,5.32,5.31
BOL,0,0,0,0,1,4000.8,1950,1950,4,1,80,5,0.23212,0.73442,5343,3924,16905,21463,4.02,4.01
BOL,0,0,0,0,1,4000.8,1950,1950,4,1,85,5,0.30509,0.8654,1419,1228,4025,4558,3.21,3.19
BOL,0,0,0,0,1,4000.8,1950,1950,4,1,90,5,0.35644,0.94241,191,180,505,533,2.79,2.75
BOL,0,0,0,0,1,4000.8,1950,1950,4,1,95,5,0.39279,0.99091,11,11,28,28,2.53,2.55
BOL,0,0,0,0,1,4000.8,1950,1950,4,1,100,99,0.8059,1,0,0,0,0,1.24,1.35
BOL,0,0,0,0,1,4000.8,1950,1950,4,2,0,1,0.17996,0.16111,100000,16111,89528,4060498,40.6,40.64
BOL,0,0,0,0,1,4000.8,1950,1950,4,2,1,4,0.04266,0.15337,83889,12866,301603,3970971,47.34,47.35
BOL,0,0,0,0,1,4000.8,1950,1950,4,2,5,5,0.00801,0.03924,71023,2787,348148,3669368,51.66,51.66
BOL,0,0,0,0,1,4000.8,1950,1950,4,2,10,5,0.00497,0.02455,68236,1675,336992,3321220,48.67,48.67
BOL,0,0,0,0,1,4000.8,1950,1950,4,2,15,5,0.00631,0.03107,66561,2068,327635,2984228,44.83,44.83
BOL,0,0,0,0,1,4000.8,1950,1950,4,2,20,5,0.00793,0.03889,64493,2508,316195,2656593,41.19,41.19
BOL,0,0,0,0,1,4000.8,1950,1950,4,2,25,5,0.00869,0.04251,61985,2635,303338,2340398,37.76,37.76
BOL,0,0,0,0,1,4000.8,1950,1950,4,2,30,5,0.00907,0.04436,59350,2633,290168,2037060,34.32,34.32
BOL,0,0,0,0,1,4000.8,1950,1950,4,2,35,5,0.00969,0.04729,56717,2682,276880,1746893,30.8,30.8
BOL,0,0,0,0,1,4000.8,1950,1950,4,2,40,5,0.01037,0.05054,54035,2731,263348,1470013,27.2,27.2
BOL,0,0,0,0,1,4000.8,1950,1950,4,2,45,5,0.01186,0.05758,51304,2954,249135,1206665,23.52,23.52
BOL,0,0,0,0,1,4000.8,1950,1950,4,2,50,5,0.01543,0.07429,48350,3592,232770,957530,19.8,19.8
BOL,0,0,0,0,1,4000.8,1950,1950,4,2,55,5,0.02243,0.10622,44758,4754,211905,724760,16.19,16.19
BOL,0,0,0,0,1,4000.8,1950,1950,4,2,60,5,0.03557,0.16333,40004,6534,183685,512855,12.82,12.82
BOL,0,0,0,0,1,4000.8,1950,1950,4,2,65,5,0.05743,0.25109,33470,8404,146340,329170,9.83,9.83
BOL,0,0,0,0,1,4000.8,1950,1950,4,2,70,5,0.09793,0.39336,25066,9860,100680,182830,7.29,7.29
BOL,0,0,0,0,1,4000.8,1950,1950,4,2,75,5,0.15504,0.55866,15206,8495,54792,82150,5.4,5.4
BOL,0,0,0,0,1,4000.8,1950,1950,4,2,80,5,0.22822,0.72657,6711,4876,21365,27358,4.08,4.08
BOL,0,0,0,0,1,4000.8,1950,1950,4,2,85,5,0.29938,0.85613,1835,1571,5248,5993,3.27,3.27
BOL,0,0,0,0,1,4000.8,1950,1950,4,2,90,5,0.3516,0.93561,264,247,702,745,2.82,2.82
BOL,0,0,0,0,1,4000.8,1950,1950,4,2,95,5,0.39532,0.99412,17,17,43,43,2.52,2.55
BOL,0,0,0,0,1,4000.8,1950,1950,4,2,100,99,0.7316,1,0,0,0,0,1.37,1.3
BOL,0,0,0,0,1,4000.09,1960,1960,4,1,0,1,0.19633,0.17411,100000,17411,88683,4061580,40.62,40.65
BOL,0,0,0,0,1,4000.09,1960,1960,4,1,1,4,0.03996,0.14455,82589,11938,298744,3972897,48.1,48.15
BOL,0,0,0,0,1,4000.09,1960,1960,4,1,5,5,0.00641,0.03156,70651,2230,347680,3674153,52,52
BOL,0,0,0,0,1,4000.09,1960,1960,4,1,10,5,0.004,0.01982,68421,1356,338715,3326473,48.62,48.62
BOL,0,0,0,0,1,4000.09,1960,1960,4,1,15,5,0.00518,0.02559,67065,1716,331035,2987758,44.55,44.55
BOL,0,0,0,0,1,4000.09,1960,1960,4,1,20,5,0.00783,0.03838,65349,2508,320475,2656723,40.65,40.65
BOL,0,0,0,0,1,4000.09,1960,1960,4,1,25,5,0.00787,0.03857,62841,2424,308145,2336248,37.18,37.18
BOL,0,0,0,0,1,4000.09,1960,1960,4,1,30,5,0.00828,0.04057,60417,2451,295958,2028103,33.57,33.57
BOL,0,0,0,0,1,4000.09,1960,1960,4,1,35,5,0.00936,0.04575,57966,2652,283200,1732145,29.88,29.88
BOL,0,0,0,0,1,4000.09,1960,1960,4,1,40,5,0.01147,0.05577,55314,3085,268858,1448945,26.19,26.19
BOL,0,0,0,0,1,4000.09,1960,1960,4,1,45,5,0.01428,0.06893,52229,3600,252145,1180088,22.59,22.59
BOL,0,0,0,0,1,4000.09,1960,1960,4,1,50,5,0.01905,0.09091,48629,4421,232092,927943,19.08,19.08
BOL,0,0,0,0,1,4000.09,1960,1960,4,1,55,5,0.02654,0.12443,44208,5501,207288,695850,15.74,15.74
BOL,0,0,0,0,1,4000.09,1960,1960,4,1,60,5,0.03953,0.17989,38707,6963,176128,488563,12.62,12.62
BOL,0,0,0,0,1,4000.09,1960,1960,4,1,65,5,0.05972,0.25983,31744,8248,138100,312435,9.84,9.84
BOL,0,0,0,0,1,4000.09,1960,1960,4,1,70,5,0.09485,0.38334,23496,9007,94962,174335,7.42,7.42
BOL,0,0,0,0,1,4000.09,1960,1960,4,1,75,5,0.14976,0.54483,14489,7894,52710,79373,5.48,5.48
BOL,0,0,0,0,1,4000.09,1960,1960,4,1,80,5,0.23027,0.73071,6595,4819,20928,26663,4.04,4.04
BOL,0,0,0,0,1,4000.09,1960,1960,4,1,85,5,0.30337,0.86261,1776,1532,5050,5735,3.23,3.23
BOL,0,0,0,0,1,4000.09,1960,1960,4,1,90,5,0.35367,0.93852,244,229,648,685,2.81,2.81
BOL,0,0,0,0,1,4000.09,1960,1960,4,1,95,5,0.3947,0.99333,15,15,38,38,2.53,2.55
BOL,0,0,0,0,1,4000.09,1960,1960,4,1,100,99,0.77313,1,0,0,0,0,1.29,1.3
BOL,0,0,0,0,1,4000.09,1960,1960,4,2,0,1,0.16292,0.14732,100000,14732,90424,4351290,43.51,43.55
BOL,0,0,0,0,1,4000.09,1960,1960,4,2,1,4,0.03579,0.1308,85268,11153,311639,4260866,49.97,50.05
BOL,0,0,0,0,1,4000.09,1960,1960,4,2,5,5,0.00641,0.03155,74115,2338,364730,3949226,53.29,53.29
BOL,0,0,0,0,1,4000.09,1960,1960,4,2,10,5,0.004,0.0198,71777,1421,355332,3584496,49.94,49.94
BOL,0,0,0,0,1,4000.09,1960,1960,4,2,15,5,0.00518,0.02556,70356,1798,347285,3229164,45.9,45.9
BOL,0,0,0,0,1,4000.09,1960,1960,4,2,20,5,0.00725,0.03559,68558,2440,336690,2881879,42.04,42.04
BOL,0,0,0,0,1,4000.09,1960,1960,4,2,25,5,0.00798,0.0391,66118,2585,324128,2545189,38.49,38.49
BOL,0,0,0,0,1,4000.09,1960,1960,4,2,30,5,0.00836,0.04092,63533,2600,311165,2221061,34.96,34.96
BOL,0,0,0,0,1,4000.09,1960,1960,4,2,35,5,0.00901,0.04405,60933,2684,297955,1909896,31.34,31.34
BOL,0,0,0,0,1,4000.09,1960,1960,4,2,40,5,0.00977,0.04771,58249,2779,284298,1611941,27.67,27.67
BOL,0,0,0,0,1,4000.09,1960,1960,4,2,45,5,0.01124,0.05468,55470,3033,269768,1327644,23.93,23.93
BOL,0,0,0,0,1,4000.09,1960,1960,4,2,50,5,0.01481,0.07142,52437,3745,252822,1057876,20.17,20.17
BOL,0,0,0,0,1,4000.09,1960,1960,4,2,55,5,0.02142,0.10164,48692,4949,231088,805054,16.53,16.53
BOL,0,0,0,0,1,4000.09,1960,1960,4,2,60,5,0.03421,0.15758,43743,6893,201482,573966,13.12,13.12
BOL,0,0,0,0,1,4000.09,1960,1960,4,2,65,5,0.05543,0.24342,36850,8970,161825,372484,10.11,10.11
BOL,0,0,0,0,1,4000.09,1960,1960,4,2,70,5,0.09143,0.37209,27880,10374,113465,210659,7.56,7.56
BOL,0,0,0,0,1,4000.09,1960,1960,4,2,75,5,0.14711,0.53776,17506,9414,63995,97194,5.55,5.55
BOL,0,0,0,0,1,4000.09,1960,1960,4,2,80,5,0.22644,0.72294,8092,5850,25835,33199,4.1,4.1
BOL,0,0,0,0,1,4000.09,1960,1960,4,2,85,5,0.29763,0.85326,2242,1913,6428,7364,3.28,3.28
BOL,0,0,0,0,1,4000.09,1960,1960,4,2,90,5,0.34986,0.93313,329,307,878,936,2.85,2.85
BOL,0,0,0,0,1,4000.09,1960,1960,4,2,95,5,0.36522,0.95455,22,21,58,59,2.68,2.65
BOL,0,0,0,0,1,4000.09,1960,1960,4,2,100,99,0.7316,1,1,1,1,1,1.37,1.3
BOL,0,0,0,0,1,4000.1,1970,1970,4,1,0,1,0.16903,0.1523,100000,15230,90100,4417599,44.18,40.65
BOL,0,0,0,0,1,4000.1,1970,1970,4,1,1,4,0.03063,0.11332,84770,9606,313643,4327499,51.05,48.15
BOL,0,0,0,0,1,4000.1,1970,1970,4,1,5,5,0.00452,0.02236,75164,1681,371618,4013855,53.4,51.95
BOL,0,0,0,0,1,4000.1,1970,1970,4,1,10,5,0.00396,0.01962,73483,1442,363810,3642238,49.57,48.55
BOL,0,0,0,0,1,4000.1,1970,1970,4,1,15,5,0.00446,0.02204,72041,1588,356235,3278428,45.51,44.57
BOL,0,0,0,0,1,4000.1,1970,1970,4,1,20,5,0.00672,0.03304,70453,2328,346445,2922193,41.48,40.65
BOL,0,0,0,0,1,4000.1,1970,1970,4,1,25,5,0.00678,0.03334,68125,2271,334948,2575748,37.81,37.15
BOL,0,0,0,0,1,4000.1,1970,1970,4,1,30,5,0.00741,0.03635,65854,2394,323285,2240800,34.03,33.55
BOL,0,0,0,0,1,4000.1,1970,1970,4,1,35,5,0.00845,0.0414,63460,2627,310732,1917515,30.22,29.85
BOL,0,0,0,0,1,4000.1,1970,1970,4,1,40,5,0.01067,0.05196,60833,3161,296262,1606783,26.41,26.15
BOL,0,0,0,0,1,4000.1,1970,1970,4,1,45,5,0.01358,0.06565,57672,3786,278895,1310520,22.72,22.55
BOL,0,0,0,0,1,4000.1,1970,1970,4,1,50,5,0.01862,0.08897,53886,4794,257445,1031625,19.14,19.05
BOL,0,0,0,0,1,4000.1,1970,1970,4,1,55,5,0.02629,0.12334,49092,6055,230322,774180,15.77,15.67
BOL,0,0,0,0,1,4000.1,1970,1970,4,1,60,5,0.03933,0.17906,43037,7706,195920,543858,12.64,12.55
BOL,0,0,0,0,1,4000.1,1970,1970,4,1,65,5,0.05966,0.2596,35331,9172,153725,347938,9.85,9.75
BOL,0,0,0,0,1,4000.1,1970,1970,4,1,70,5,0.09476,0.38304,26159,10020,105745,194213,7.42,7.35
BOL,0,0,0,0,1,4000.1,1970,1970,4,1,75,5,0.14962,0.54446,16139,8787,58728,88468,5.48,5.45
BOL,0,0,0,0,1,4000.1,1970,1970,4,1,80,5,0.23006,0.73028,7352,5369,23338,29740,4.05,3.98
BOL,0,0,0,0,1,4000.1,1970,1970,4,1,85,5,0.30319,0.86233,1983,1710,5640,6403,3.23,3.15
BOL,0,0,0,0,1,4000.1,1970,1970,4,1,90,5,0.35571,0.94139,273,257,722,763,2.79,2.75
BOL,0,0,0,0,1,4000.1,1970,1970,4,1,95,5,0.39503,0.99375,16,16,40,40,2.52,2.55
BOL,0,0,0,0,1,4000.1,1970,1970,4,1,100,99,0.77313,1,0,0,0,0,1.29,1.35
BOL,0,0,0,0,1,4000.1,1970,1970,4,2,0,1,0.14076,0.12896,100000,12896,91618,4694756,46.95,43.55
BOL,0,0,0,0,1,4000.1,1970,1970,4,2,1,4,0.0269,0.10048,87104,8752,325319,4603138,52.85,50.05
BOL,0,0,0,0,1,4000.1,1970,1970,4,2,5,5,0.00452,0.02235,78352,1751,387382,4277819,54.6,53.25
BOL,0,0,0,0,1,4000.1,1970,1970,4,2,10,5,0.00396,0.0196,76601,1501,379252,3890436,50.79,49.85
BOL,0,0,0,0,1,4000.1,1970,1970,4,2,15,5,0.00497,0.02457,75100,1845,370888,3511184,46.75,45.9
BOL,0,0,0,0,1,4000.1,1970,1970,4,2,20,5,0.00635,0.03126,73255,2290,360550,3140296,42.87,42.04
BOL,0,0,0,0,1,4000.1,1970,1970,4,2,25,5,0.00707,0.03472,70965,2464,348665,2779746,39.17,38.45
BOL,0,0,0,0,1,4000.1,1970,1970,4,2,30,5,0.00745,0.03655,68501,2504,336245,2431081,35.49,34.95
BOL,0,0,0,0,1,4000.1,1970,1970,4,2,35,5,0.00819,0.04014,65997,2649,323362,2094836,31.74,31.29
BOL,0,0,0,0,1,4000.1,1970,1970,4,2,40,5,0.00913,0.04461,63348,2826,309675,1771474,27.96,27.65
BOL,0,0,0,0,1,4000.1,1970,1970,4,2,45,5,0.0106,0.05165,60522,3126,294795,1461799,24.15,23.93
BOL,0,0,0,0,1,4000.1,1970,1970,4,2,50,5,0.01431,0.06908,57396,3965,277068,1167004,20.33,20.15
BOL,0,0,0,0,1,4000.1,1970,1970,4,2,55,5,0.02047,0.09736,53431,5202,254150,889936,16.66,16.46
BOL,0,0,0,0,1,4000.1,1970,1970,4,2,60,5,0.03316,0.1531,48229,7384,222685,635786,13.18,13.05
BOL,0,0,0,0,1,4000.1,1970,1970,4,2,65,5,0.05538,0.24321,40845,9934,179390,413101,10.11,10.05
BOL,0,0,0,0,1,4000.1,1970,1970,4,2,70,5,0.09133,0.37178,30911,11492,125825,233711,7.56,7.55
BOL,0,0,0,0,1,4000.1,1970,1970,4,2,75,5,0.14698,0.53741,19419,10436,71005,107886,5.56,5.55
BOL,0,0,0,0,1,4000.1,1970,1970,4,2,80,5,0.22621,0.72248,8983,6490,28690,36881,4.11,4.09
BOL,0,0,0,0,1,4000.1,1970,1970,4,2,85,5,0.29759,0.85319,2493,2127,7148,8191,3.29,3.25
BOL,0,0,0,0,1,4000.1,1970,1970,4,2,90,5,0.34885,0.93169,366,341,978,1044,2.85,2.75
BOL,0,0,0,0,1,4000.1,1970,1970,4,2,95,5,0.36923,0.96,25,24,65,66,2.66,2.55
BOL,0,0,0,0,1,4000.1,1970,1970,4,2,100,99,0.6946,1,1,1,1,1,1.44,1.25
BOL,0,0,0,0,1,4000.11,1980,1980,4,1,0,1,0.13731,0.12606,100000,12606,91806,4857341,48.57,48.61
BOL,0,0,0,0,1,4000.11,1980,1980,4,1,1,4,0.02242,0.08466,87394,7399,329983,4765535,54.53,54.55
BOL,0,0,0,0,1,4000.11,1980,1980,4,1,5,5,0.00393,0.01945,79995,1556,396085,4435551,55.45,55.45
BOL,0,0,0,0,1,4000.11,1980,1980,4,1,10,5,0.0027,0.01342,78439,1053,389562,4039466,51.5,51.5
BOL,0,0,0,0,1,4000.11,1980,1980,4,1,15,5,0.00392,0.01941,77386,1502,383175,3649904,47.16,47.16
BOL,0,0,0,0,1,4000.11,1980,1980,4,1,20,5,0.00589,0.02902,75884,2202,373915,3266729,43.05,43.05
BOL,0,0,0,0,1,4000.11,1980,1980,4,1,25,5,0.00599,0.02952,73682,2175,362972,2892814,39.26,39.26
BOL,0,0,0,0,1,4000.11,1980,1980,4,1,30,5,0.00659,0.0324,71507,2317,351742,2529841,35.38,35.38
BOL,0,0,0,0,1,4000.11,1980,1980,4,1,35,5,0.0076,0.0373,69190,2581,339498,2178099,31.48,31.48
BOL,0,0,0,0,1,4000.11,1980,1980,4,1,40,5,0.00951,0.04644,66609,3093,325312,1838601,27.6,27.6
BOL,0,0,0,0,1,4000.11,1980,1980,4,1,45,5,0.01217,0.05904,63516,3750,308205,1513289,23.83,23.83
BOL,0,0,0,0,1,4000.11,1980,1980,4,1,50,5,0.01653,0.07938,59766,4744,286970,1205084,20.16,20.16
BOL,0,0,0,0,1,4000.11,1980,1980,4,1,55,5,0.02339,0.1105,55022,6080,259910,918114,16.69,16.69
BOL,0,0,0,0,1,4000.11,1980,1980,4,1,60,5,0.03506,0.16117,48942,7888,224990,658204,13.45,13.45
BOL,0,0,0,0,1,4000.11,1980,1980,4,1,65,5,0.05264,0.2326,41054,9549,181398,433214,10.55,10.55
BOL,0,0,0,0,1,4000.11,1980,1980,4,1,70,5,0.08393,0.34687,31505,10928,130205,251816,7.99,7.99
BOL,0,0,0,0,1,4000.11,1980,1980,4,1,75,5,0.13488,0.50435,20577,10378,76940,121611,5.91,5.91
BOL,0,0,0,0,1,4000.11,1980,1980,4,1,80,5,0.20591,0.67967,10199,6932,33665,44671,4.38,4.38
BOL,0,0,0,0,1,4000.11,1980,1980,4,1,85,5,0.28797,0.83716,3267,2735,9498,11006,3.37,3.37
BOL,0,0,0,0,1,4000.11,1980,1980,4,1,90,5,0.35062,0.93421,532,497,1418,1509,2.84,2.84
BOL,0,0,0,0,1,4000.11,1980,1980,4,1,95,5,0.37778,0.97143,35,34,90,91,2.61,2.61
BOL,0,0,0,0,1,4000.11,1980,1980,4,1,100,99,0.74291,1,1,1,1,1,1.35,1.3
BOL,0,0,0,0,1,4000.11,1980,1980,4,2,0,1,0.11481,0.10684,100000,10684,93055,5153685,51.54,51.55
BOL,0,0,0,0,1,4000.11,1980,1980,4,2,1,4,0.02,0.076,89316,6788,339350,5060629,56.66,56.71
BOL,0,0,0,0,1,4000.11,1980,1980,4,2,5,5,0.0037,0.01835,82528,1514,408855,4721279,57.21,57.21
BOL,0,0,0,0,1,4000.11,1980,1980,4,2,10,5,0.00267,0.01328,81014,1076,402380,4312424,53.23,53.23
BOL,0,0,0,0,1,4000.11,1980,1980,4,2,15,5,0.00396,0.01963,79938,1569,395768,3910044,48.91,48.91
BOL,0,0,0,0,1,4000.11,1980,1980,4,2,20,5,0.00508,0.02506,78369,1964,386935,3514277,44.84,44.84
BOL,0,0,0,0,1,4000.11,1980,1980,4,2,25,5,0.00569,0.02806,76405,2144,376665,3127342,40.93,40.93
BOL,0,0,0,0,1,4000.11,1980,1980,4,2,30,5,0.00608,0.02995,74261,2224,365745,2750677,37.04,37.04
BOL,0,0,0,0,1,4000.11,1980,1980,4,2,35,5,0.00687,0.03379,72037,2434,354100,2384932,33.11,33.11
BOL,0,0,0,0,1,4000.11,1980,1980,4,2,40,5,0.00788,0.03862,69603,2688,341295,2030832,29.18,29.18
BOL,0,0,0,0,1,4000.11,1980,1980,4,2,45,5,0.00936,0.04574,66915,3061,326922,1689537,25.25,25.25
BOL,0,0,0,0,1,4000.11,1980,1980,4,2,50,5,0.01282,0.06213,63854,3967,309352,1362614,21.34,21.34
BOL,0,0,0,0,1,4000.11,1980,1980,4,2,55,5,0.01819,0.087,59887,5210,286410,1053262,17.59,17.59
BOL,0,0,0,0,1,4000.11,1980,1980,4,2,60,5,0.02955,0.13757,54677,7522,254580,766852,14.03,14.03
BOL,0,0,0,0,1,4000.11,1980,1980,4,2,65,5,0.0478,0.21349,47155,10067,210608,512272,10.86,10.86
BOL,0,0,0,0,1,4000.11,1980,1980,4,2,70,5,0.08079,0.33607,37088,12464,154280,301664,8.13,8.13
BOL,0,0,0,0,1,4000.11,1980,1980,4,2,75,5,0.13232,0.49716,24624,12242,92515,147384,5.99,5.99
BOL,0,0,0,0,1,4000.11,1980,1980,4,2,80,5,0.20242,0.67202,12382,8321,41108,54869,4.43,4.43
BOL,0,0,0,0,1,4000.11,1980,1980,4,2,85,5,0.28598,0.83378,4061,3386,11840,13762,3.39,3.39
BOL,0,0,0,0,1,4000.11,1980,1980,4,2,90,5,0.34896,0.93185,675,629,1802,1922,2.85,2.85
BOL,0,0,0,0,1,4000.11,1980,1980,4,2,95,5,0.38298,0.97826,46,45,118,119,2.59,2.58
BOL,0,0,0,0,1,4000.11,1980,1980,4,2,100,99,0.66115,1,1,1,2,2,1.51,1.3
BOL,0,0,0,0,1,4000.12,1990,1990,4,1,0,1,0.10482,0.09808,100000,9808,93568,5345822,53.46,53.45
BOL,0,0,0,0,1,4000.12,1990,1990,4,1,1,4,0.01736,0.0664,90192,5989,344942,5252254,58.23,58.25
BOL,0,0,0,0,1,4000.12,1990,1990,4,1,5,5,0.00341,0.01692,84203,1425,417452,4907312,58.28,58.28
BOL,0,0,0,0,1,4000.12,1990,1990,4,1,10,5,0.0022,0.01094,82778,906,411625,4489860,54.24,54.24
BOL,0,0,0,0,1,4000.12,1990,1990,4,1,15,5,0.00329,0.01631,81872,1335,406022,4078235,49.81,49.81
BOL,0,0,0,0,1,4000.12,1990,1990,4,1,20,5,0.00491,0.02424,80537,1952,397805,3672212,45.6,45.6
BOL,0,0,0,0,1,4000.12,1990,1990,4,1,25,5,0.00506,0.02499,78585,1964,388015,3274407,41.67,41.67
BOL,0,0,0,0,1,4000.12,1990,1990,4,1,30,5,0.00557,0.02747,76621,2105,377842,2886392,37.67,37.67
BOL,0,0,0,0,1,4000.12,1990,1990,4,1,35,5,0.00652,0.03206,74516,2389,366608,2508550,33.66,33.66
BOL,0,0,0,0,1,4000.12,1990,1990,4,1,40,5,0.00801,0.03926,72127,2832,353555,2141942,29.7,29.7
BOL,0,0,0,0,1,4000.12,1990,1990,4,1,45,5,0.01029,0.05015,69295,3475,337788,1788387,25.81,25.81
BOL,0,0,0,0,1,4000.12,1990,1990,4,1,50,5,0.01372,0.06633,65820,4366,318185,1450600,22.04,22.04
BOL,0,0,0,0,1,4000.12,1990,1990,4,1,55,5,0.01944,0.0927,61454,5697,293028,1132415,18.43,18.43
BOL,0,0,0,0,1,4000.12,1990,1990,4,1,60,5,0.02893,0.13489,55757,7521,259982,839387,15.05,15.05
BOL,0,0,0,0,1,4000.12,1990,1990,4,1,65,5,0.04271,0.19297,48236,9308,217910,579405,12.01,12.01
BOL,0,0,0,0,1,4000.12,1990,1990,4,1,70,5,0.06659,0.28545,38928,11112,166860,361495,9.29,9.29
BOL,0,0,0,0,1,4000.12,1990,1990,4,1,75,5,0.10601,0.419,27816,11655,109942,194635,7,7
BOL,0,0,0,0,1,4000.12,1990,1990,4,1,80,5,0.1619,0.57626,16161,9313,57522,84692,5.24,5.24
BOL,0,0,0,0,1,4000.12,1990,1990,4,1,85,5,0.23614,0.74241,6848,5084,21530,27170,3.97,3.97
BOL,0,0,0,0,1,4000.12,1990,1990,4,1,90,5,0.30595,0.86678,1764,1529,4998,5640,3.2,3.2
BOL,0,0,0,0,1,4000.12,1990,1990,4,1,95,5,0.35502,0.94043,235,221,622,642,2.73,2.73
BOL,0,0,0,0,1,4000.12,1990,1990,4,1,100,99,0.71497,1,14,14,20,20,1.4,1.3
BOL,0,0,0,0,1,4000.12,1990,1990,4,2,0,1,0.08836,0.08321,100000,8321,94172,5683979,56.84,56.85
BOL,0,0,0,0,1,4000.12,1990,1990,4,2,1,4,0.01551,0.05963,91679,5467,352440,5589807,60.97,61.01
BOL,0,0,0,0,1,4000.12,1990,1990,4,2,5,5,0.00313,0.01553,86212,1339,427712,5237367,60.75,60.75
BOL,0,0,0,0,1,4000.12,1990,1990,4,2,10,5,0.00223,0.0111,84873,942,422010,4809655,56.67,56.67
BOL,0,0,0,0,1,4000.12,1990,1990,4,2,15,5,0.00297,0.01476,83931,1239,416558,4387645,52.28,52.28
BOL,0,0,0,0,1,4000.12,1990,1990,4,2,20,5,0.00375,0.01859,82692,1537,409618,3971087,48.02,48.02
BOL,0,0,0,0,1,4000.12,1990,1990,4,2,25,5,0.0042,0.02079,81155,1687,401558,3561470,43.88,43.88
BOL,0,0,0,0,1,4000.12,1990,1990,4,2,30,5,0.00459,0.02269,79468,1803,392832,3159912,39.76,39.76
BOL,0,0,0,0,1,4000.12,1990,1990,4,2,35,5,0.00534,0.02634,77665,2046,383210,2767080,35.63,35.63
BOL,0,0,0,0,1,4000.12,1990,1990,4,2,40,5,0.00626,0.03083,75619,2331,372268,2383870,31.52,31.52
BOL,0,0,0,0,1,4000.12,1990,1990,4,2,45,5,0.0077,0.03778,73288,2769,359518,2011602,27.45,27.45
BOL,0,0,0,0,1,4000.12,1990,1990,4,2,50,5,0.01052,0.05125,70519,3614,343560,1652085,23.43,23.43
BOL,0,0,0,0,1,4000.12,1990,1990,4,2,55,5,0.01489,0.07176,66905,4801,322522,1308525,19.56,19.56
BOL,0,0,0,0,1,4000.12,1990,1990,4,2,60,5,0.0238,0.11233,62104,6976,293080,986002,15.88,15.88
BOL,0,0,0,0,1,4000.12,1990,1990,4,2,65,5,0.03744,0.17118,55128,9437,252048,692922,12.57,12.57
BOL,0,0,0,0,1,4000.12,1990,1990,4,2,70,5,0.06079,0.26384,45691,12055,198318,440875,9.65,9.65
BOL,0,0,0,0,1,4000.12,1990,1990,4,2,75,5,0.09932,0.39782,33636,13381,134728,242557,7.21,7.21
BOL,0,0,0,0,1,4000.12,1990,1990,4,2,80,5,0.15932,0.56969,20255,11539,72428,107830,5.32,5.32
BOL,0,0,0,0,1,4000.12,1990,1990,4,2,85,5,0.23005,0.73027,8716,6365,27668,35402,4.06,4.06
BOL,0,0,0,0,1,4000.12,1990,1990,4,2,90,5,0.29608,0.8507,2351,2000,6755,7735,3.29,3.29
BOL,0,0,0,0,1,4000.12,1990,1990,4,2,95,5,0.34681,0.92877,351,326,940,980,2.79,2.77
BOL,0,0,0,0,1,4000.12,1990,1990,4,2,100,99,0.63078,1,25,25,40,40,1.59,1.3
BOL,0,0,0,0,1,4000.13,2000,2000,4,1,0,1,0.07582,0.07182,100000,7182,94725,5871149,58.71,58.74
BOL,0,0,0,0,1,4000.13,2000,2000,4,1,1,4,0.0127,0.04918,92818,4565,359570,5776424,62.23,62.25
BOL,0,0,0,0,1,4000.13,2000,2000,4,1,5,5,0.00288,0.0143,88253,1262,438110,5416854,61.38,61.38
BOL,0,0,0,0,1,4000.13,2000,2000,4,1,10,5,0.00178,0.00885,86991,770,433030,4978744,57.23,57.23
BOL,0,0,0,0,1,4000.13,2000,2000,4,1,15,5,0.00274,0.01362,86221,1174,428170,4545714,52.72,52.72
BOL,0,0,0,0,1,4000.13,2000,2000,4,1,20,5,0.00406,0.02009,85047,1709,420962,4117544,48.41,48.41
BOL,0,0,0,0,1,4000.13,2000,2000,4,1,25,5,0.00426,0.02106,83338,1755,412302,3696582,44.36,44.36
BOL,0,0,0,0,1,4000.13,2000,2000,4,1,30,5,0.0047,0.02324,81583,1896,403175,3284279,40.26,40.26
BOL,0,0,0,0,1,4000.13,2000,2000,4,1,35,5,0.00559,0.02757,79687,2197,392942,2881104,36.16,36.16
BOL,0,0,0,0,1,4000.13,2000,2000,4,1,40,5,0.00672,0.03304,77490,2560,381050,2488162,32.11,32.11
BOL,0,0,0,0,1,4000.13,2000,2000,4,1,45,5,0.00867,0.04245,74930,3181,366698,2107112,28.12,28.12
BOL,0,0,0,0,1,4000.13,2000,2000,4,1,50,5,0.01129,0.05489,71749,3938,348900,1740414,24.26,24.26
BOL,0,0,0,0,1,4000.13,2000,2000,4,1,55,5,0.01602,0.07704,67811,5224,325995,1391514,20.52,20.52
BOL,0,0,0,0,1,4000.13,2000,2000,4,1,60,5,0.02363,0.11154,62587,6981,295482,1065519,17.02,17.02
BOL,0,0,0,0,1,4000.13,2000,2000,4,1,65,5,0.03407,0.157,55606,8730,256205,770037,13.85,13.85
BOL,0,0,0,0,1,4000.13,2000,2000,4,1,70,5,0.05138,0.22766,46876,10672,207700,513832,10.96,10.96
BOL,0,0,0,0,1,4000.13,2000,2000,4,1,75,5,0.0802,0.33402,36204,12093,150788,306132,8.46,8.46
BOL,0,0,0,0,1,4000.13,2000,2000,4,1,80,5,0.12059,0.46327,24111,11170,92630,155344,6.44,6.44
BOL,0,0,0,0,1,4000.13,2000,2000,4,1,85,5,0.18194,0.6253,12941,8092,44475,62714,4.85,4.85
BOL,0,0,0,0,1,4000.13,2000,2000,4,1,90,5,0.25,0.76923,4849,3730,14920,18239,3.76,3.76
BOL,0,0,0,0,1,4000.13,2000,2000,4,1,95,5,0.31559,0.88204,1119,987,3128,3319,2.97,2.97
BOL,0,0,0,0,1,4000.13,2000,2000,4,1,100,99,0.68906,1,132,132,192,192,1.45,1.5
BOL,0,0,0,0,1,4000.13,2000,2000,4,2,0,1,0.06398,0.06099,100000,6099,95322,6276537,62.77,62.8
BOL,0,0,0,0,1,4000.13,2000,2000,4,2,1,4,0.01137,0.04417,93901,4148,364922,6181215,65.83,65.85
BOL,0,0,0,0,1,4000.13,2000,2000,4,2,5,5,0.00254,0.0126,89753,1131,445938,5816293,64.8,64.8
BOL,0,0,0,0,1,4000.13,2000,2000,4,2,10,5,0.00165,0.00823,88622,729,441288,5370356,60.6,60.6
BOL,0,0,0,0,1,4000.13,2000,2000,4,2,15,5,0.00214,0.01063,87893,934,437130,4929068,56.08,56.08
BOL,0,0,0,0,1,4000.13,2000,2000,4,2,20,5,0.00263,0.01309,86959,1138,431950,4491938,51.66,51.66
BOL,0,0,0,0,1,4000.13,2000,2000,4,2,25,5,0.00294,0.0146,85821,1253,425972,4059988,47.31,47.31
BOL,0,0,0,0,1,4000.13,2000,2000,4,2,30,5,0.00333,0.01653,84568,1398,419345,3634016,42.97,42.97
BOL,0,0,0,0,1,4000.13,2000,2000,4,2,35,5,0.00405,0.02006,83170,1668,411680,3214671,38.65,38.65
BOL,0,0,0,0,1,4000.13,2000,2000,4,2,40,5,0.00491,0.02427,81502,1978,402565,2802991,34.39,34.39
BOL,0,0,0,0,1,4000.13,2000,2000,4,2,45,5,0.00632,0.03112,79524,2475,391432,2400426,30.18,30.19
BOL,0,0,0,0,1,4000.13,2000,2000,4,2,50,5,0.00861,0.04214,77049,3247,377128,2008993,26.07,26.07
BOL,0,0,0,0,1,4000.13,2000,2000,4,2,55,5,0.01214,0.05891,73802,4348,358140,1631866,22.11,22.11
BOL,0,0,0,0,1,4000.13,2000,2000,4,2,60,5,0.01903,0.09081,69454,6307,331502,1273726,18.34,18.34
BOL,0,0,0,0,1,4000.13,2000,2000,4,2,65,5,0.02878,0.13423,63147,8476,294545,942223,14.92,14.92
BOL,0,0,0,0,1,4000.13,2000,2000,4,2,70,5,0.04393,0.19791,54671,10820,246305,647678,11.85,11.85
BOL,0,0,0,0,1,4000.13,2000,2000,4,2,75,5,0.06942,0.29577,43851,12970,186830,401373,9.15,9.15
BOL,0,0,0,0,1,4000.13,2000,2000,4,2,80,5,0.11052,0.43298,30881,13371,120978,214543,6.95,6.95
BOL,0,0,0,0,1,4000.13,2000,2000,4,2,85,5,0.16198,0.57647,17510,10094,62315,93566,5.34,5.34
BOL,0,0,0,0,1,4000.13,2000,2000,4,2,90,5,0.21588,0.70105,7416,5199,24082,31251,4.21,4.22
BOL,0,0,0,0,1,4000.13,2000,2000,4,2,95,5,0.28006,0.82364,2217,1826,6520,7168,3.23,3.24
BOL,0,0,0,0,1,4000.13,2000,2000,4,2,100,99,0.60308,1,391,391,648,648,1.66,1.7
BOL,0,0,0,0,1,1540.01,2005,2010,4,1,0,1,0.05208,0.05,100000,5000,96000,6323904,63.24,63.43
BOL,0,0,0,0,1,1540.01,2005,2010,4,1,1,4,0.00393,0.01556,95000,1478,376308,6227904,65.56,65.76
BOL,0,0,0,0,1,1540.01,2005,2010,4,1,5,5,0.00273,0.01357,93522,1269,464438,5851595,62.57,62.77
BOL,0,0,0,0,1,1540.01,2005,2010,4,1,10,5,0.00169,0.00843,92253,778,459320,5387158,58.4,58.6
BOL,0,0,0,0,1,1540.01,2005,2010,4,1,15,5,0.00257,0.01277,91475,1168,454455,4927838,53.87,54.08
BOL,0,0,0,0,1,1540.01,2005,2010,4,1,20,5,0.00289,0.01435,90307,1296,448295,4473383,49.54,49.75
BOL,0,0,0,0,1,1540.01,2005,2010,4,1,25,5,0.0032,0.01585,89011,1411,441528,4025088,45.22,45.44
BOL,0,0,0,0,1,1540.01,2005,2010,4,1,30,5,0.00372,0.01845,87600,1616,433960,3583560,40.91,41.13
BOL,0,0,0,0,1,1540.01,2005,2010,4,1,35,5,0.0046,0.02274,85984,1955,425032,3149600,36.63,36.85
BOL,0,0,0,0,1,1540.01,2005,2010,4,1,40,5,0.006,0.02954,84029,2482,413940,2724568,32.42,32.65
BOL,0,0,0,0,1,1540.01,2005,2010,4,1,45,5,0.00824,0.04034,81547,3290,399510,2310628,28.33,28.57
BOL,0,0,0,0,1,1540.01,2005,2010,4,1,50,5,0.01091,0.05309,78257,4155,380898,1911118,24.42,24.67
BOL,0,0,0,0,1,1540.01,2005,2010,4,1,55,5,0.01501,0.07233,74102,5360,357110,1530220,20.65,20.91
BOL,0,0,0,0,1,1540.01,2005,2010,4,1,60,5,0.01886,0.09005,68742,6190,328235,1173110,17.07,17.34
BOL,0,0,0,0,1,1540.01,2005,2010,4,1,65,5,0.02945,0.13715,62552,8579,291312,844875,13.51,13.81
BOL,0,0,0,0,1,1540.01,2005,2010,4,1,70,5,0.04981,0.22146,53973,11953,239982,553563,10.26,10.61
BOL,0,0,0,0,1,1540.01,2005,2010,4,1,75,5,0.08608,0.35419,42020,14883,172892,313580,7.46,7.92
BOL,0,0,0,0,1,1540.01,2005,2010,4,1,80,99,0.19289,1,27137,27137,140688,140688,5.18,5.89
BOL,0,0,0,0,1,1540.01,2005,2010,4,2,0,1,0.04244,0.041,100000,4100,96609,6735171,67.35,67.7
BOL,0,0,0,0,1,1540.01,2005,2010,4,2,1,4,0.00389,0.01541,95900,1478,379842,6638561,69.22,69.59
BOL,0,0,0,0,1,1540.01,2005,2010,4,2,5,5,0.00248,0.01232,94422,1163,469202,6258719,66.28,66.65
BOL,0,0,0,0,1,1540.01,2005,2010,4,2,10,5,0.00145,0.00722,93259,673,464612,5789517,62.08,62.45
BOL,0,0,0,0,1,1540.01,2005,2010,4,2,15,5,0.00168,0.00835,92586,773,460998,5324904,57.51,57.89
BOL,0,0,0,0,1,1540.01,2005,2010,4,2,20,5,0.00182,0.00904,91813,830,456990,4863907,52.98,53.36
BOL,0,0,0,0,1,1540.01,2005,2010,4,2,25,5,0.00195,0.00968,90983,881,452712,4406917,48.44,48.82
BOL,0,0,0,0,1,1540.01,2005,2010,4,2,30,5,0.00244,0.01214,90102,1094,447775,3954204,43.89,44.27
BOL,0,0,0,0,1,1540.01,2005,2010,4,2,35,5,0.00363,0.01799,89008,1601,441038,3506429,39.39,39.79
BOL,0,0,0,0,1,1540.01,2005,2010,4,2,40,5,0.00463,0.02289,87407,2001,432032,3065392,35.07,35.47
BOL,0,0,0,0,1,1540.01,2005,2010,4,2,45,5,0.0065,0.032,85406,2733,420198,2633359,30.83,31.24
BOL,0,0,0,0,1,1540.01,2005,2010,4,2,50,5,0.00858,0.04202,82673,3474,404680,2213162,26.77,27.19
BOL,0,0,0,0,1,1540.01,2005,2010,4,2,55,5,0.01036,0.05051,79199,4000,385995,1808482,22.83,23.27
BOL,0,0,0,0,1,1540.01,2005,2010,4,2,60,5,0.01314,0.06362,75199,4784,364035,1422487,18.92,19.38
BOL,0,0,0,0,1,1540.01,2005,2010,4,2,65,5,0.02068,0.09833,70415,6924,334765,1058452,15.03,15.53
BOL,0,0,0,0,1,1540.01,2005,2010,4,2,70,5,0.03833,0.17489,63491,11104,289695,723687,11.4,11.95
BOL,0,0,0,0,1,1540.01,2005,2010,4,2,75,5,0.07008,0.29815,52387,15619,222888,433992,8.28,8.95
BOL,0,0,0,0,1,1540.01,2005,2010,4,2,80,99,0.17417,1,36768,36768,211104,211104,5.74,6.69
BOL,0,0,0,0,1,4000.14,2010,2010,4,1,0,1,0.05205,0.04997,100000,4997,96002,6402702,64.03,64.06
BOL,0,0,0,0,1,4000.14,2010,2010,4,1,1,4,0.00889,0.03479,95003,3305,371758,6306700,66.38,66.4
BOL,0,0,0,0,1,4000.14,2010,2010,4,1,5,5,0.00236,0.01173,91698,1076,455800,5934943,64.72,64.72
BOL,0,0,0,0,1,4000.14,2010,2010,4,1,10,5,0.00143,0.00712,90622,645,451498,5479143,60.46,60.46
BOL,0,0,0,0,1,4000.14,2010,2010,4,1,15,5,0.0023,0.01143,89977,1028,447315,5027645,55.88,55.88
BOL,0,0,0,0,1,4000.14,2010,2010,4,1,20,5,0.00337,0.01671,88949,1486,441030,4580330,51.49,51.5
BOL,0,0,0,0,1,4000.14,2010,2010,4,1,25,5,0.00361,0.01789,87463,1565,433402,4139300,47.33,47.33
BOL,0,0,0,0,1,4000.14,2010,2010,4,1,30,5,0.004,0.0198,85898,1701,425238,3705898,43.14,43.14
BOL,0,0,0,0,1,4000.14,2010,2010,4,1,35,5,0.00486,0.02399,84197,2020,415935,3280660,38.96,38.97
BOL,0,0,0,0,1,4000.14,2010,2010,4,1,40,5,0.00567,0.02798,82177,2299,405138,2864725,34.86,34.86
BOL,0,0,0,0,1,4000.14,2010,2010,4,1,45,5,0.00738,0.03623,79878,2894,392155,2459588,30.79,30.79
BOL,0,0,0,0,1,4000.14,2010,2010,4,1,50,5,0.0093,0.04544,76984,3498,376175,2067433,26.86,26.86
BOL,0,0,0,0,1,4000.14,2010,2010,4,1,55,5,0.01325,0.06411,73486,4711,355652,1691258,23.01,23.02
BOL,0,0,0,0,1,4000.14,2010,2010,4,1,60,5,0.01929,0.092,68775,6327,328058,1335605,19.42,19.42
BOL,0,0,0,0,1,4000.14,2010,2010,4,1,65,5,0.02694,0.12618,62448,7880,292540,1007548,16.13,16.14
BOL,0,0,0,0,1,4000.14,2010,2010,4,1,70,5,0.03866,0.17628,54568,9619,248792,715008,13.1,13.11
BOL,0,0,0,0,1,4000.14,2010,2010,4,1,75,5,0.05835,0.25462,44949,11445,196132,466215,10.37,10.38
BOL,0,0,0,0,1,4000.14,2010,2010,4,1,80,5,0.08462,0.34921,33504,11700,138270,270083,8.06,8.07
BOL,0,0,0,0,1,4000.14,2010,2010,4,1,85,5,0.13185,0.49583,21804,10811,81992,131813,6.05,6.05
BOL,0,0,0,0,1,4000.14,2010,2010,4,1,90,5,0.19198,0.64859,10993,7130,37140,49820,4.53,4.55
BOL,0,0,0,0,1,4000.14,2010,2010,4,1,95,5,0.26921,0.80456,3863,3108,11545,12680,3.28,3.32
BOL,0,0,0,0,1,4000.14,2010,2010,4,1,100,99,0.66495,1,755,755,1135,1135,1.5,1.7
BOL,0,0,0,0,1,4000.14,2010,2010,4,2,0,1,0.04401,0.04247,100000,4247,96506,6874102,68.74,68.75
BOL,0,0,0,0,1,4000.14,2010,2010,4,2,1,4,0.00797,0.03124,95753,2991,375400,6777596,70.78,70.81
BOL,0,0,0,0,1,4000.14,2010,2010,4,2,5,5,0.00197,0.00981,92762,910,461535,6402196,69.02,69.02
BOL,0,0,0,0,1,4000.14,2010,2010,4,2,10,5,0.00122,0.00607,91852,558,457865,5940661,64.68,64.68
BOL,0,0,0,0,1,4000.14,2010,2010,4,2,15,5,0.00151,0.00751,91294,686,454755,5482796,60.06,60.06
BOL,0,0,0,0,1,4000.14,2010,2010,4,2,20,5,0.00179,0.0089,90608,806,451025,5028041,55.49,55.5
BOL,0,0,0,0,1,4000.14,2010,2010,4,2,25,5,0.00198,0.00987,89802,886,446795,4577016,50.97,50.98
BOL,0,0,0,0,1,4000.14,2010,2010,4,2,30,5,0.0024,0.01192,88916,1060,441930,4130221,46.45,46.46
BOL,0,0,0,0,1,4000.14,2010,2010,4,2,35,5,0.00311,0.01545,87856,1357,435888,3688291,41.98,41.99
BOL,0,0,0,0,1,4000.14,2010,2010,4,2,40,5,0.00395,0.01955,86499,1691,428268,3252404,37.6,37.61
BOL,0,0,0,0,1,4000.14,2010,2010,4,2,45,5,0.00539,0.0266,84808,2256,418400,2824136,33.3,33.31
BOL,0,0,0,0,1,4000.14,2010,2010,4,2,50,5,0.00731,0.0359,82552,2964,405350,2405736,29.14,29.15
BOL,0,0,0,0,1,4000.14,2010,2010,4,2,55,5,0.01027,0.05006,79588,3984,387980,2000386,25.13,25.14
BOL,0,0,0,0,1,4000.14,2010,2010,4,2,60,5,0.01569,0.07551,75604,5709,363748,1612406,21.33,21.34
BOL,0,0,0,0,1,4000.14,2010,2010,4,2,65,5,0.02254,0.10669,69895,7457,330832,1248659,17.86,17.87
BOL,0,0,0,0,1,4000.14,2010,2010,4,2,70,5,0.03136,0.14541,62438,9079,289492,917826,14.7,14.71
BOL,0,0,0,0,1,4000.14,2010,2010,4,2,75,5,0.04671,0.20911,53359,11158,238900,628334,11.78,11.79
BOL,0,0,0,0,1,4000.14,2010,2010,4,2,80,5,0.07238,0.30644,42201,12932,178675,389434,9.23,9.24
BOL,0,0,0,0,1,4000.14,2010,2010,4,2,85,5,0.10496,0.41573,29269,12168,115925,210759,7.2,7.22
BOL,0,0,0,0,1,4000.14,2010,2010,4,2,90,5,0.14036,0.5195,17101,8884,63295,94834,5.55,5.59
BOL,0,0,0,0,1,4000.14,2010,2010,4,2,95,5,0.20777,0.6837,8217,5618,27040,31539,3.84,3.92
BOL,0,0,0,0,1,4000.14,2010,2010,4,2,100,99,0.57771,1,2599,2599,4499,4499,1.73,2
BOL,10,0,0,0,1,1540.02,2005,2010,4,1,0,1,0.04725,0.0455,100000,4550,96299,6457378,64.57,64.74
BOL,10,0,0,0,1,1540.02,2005,2010,4,1,1,4,0.00353,0.01399,95450,1335,378484,6361079,66.64,66.82
BOL,10,0,0,0,1,1540.02,2005,2010,4,1,5,5,0.00246,0.01223,94115,1151,467698,5982595,63.57,63.75
BOL,10,0,0,0,1,1540.02,2005,2010,4,1,10,5,0.00152,0.00759,92964,706,463055,5514898,59.32,59.5
BOL,10,0,0,0,1,1540.02,2005,2010,4,1,15,5,0.00232,0.01153,92258,1064,458630,5051843,54.76,54.94
BOL,10,0,0,0,1,1540.02,2005,2010,4,1,20,5,0.00261,0.01296,91194,1182,453015,4593213,50.37,50.55
BOL,10,0,0,0,1,1540.02,2005,2010,4,1,25,5,0.00289,0.01436,90012,1293,446828,4140198,46,46.18
BOL,10,0,0,0,1,1540.02,2005,2010,4,1,30,5,0.00338,0.01675,88719,1486,439880,3693370,41.63,41.82
BOL,10,0,0,0,1,1540.02,2005,2010,4,1,35,5,0.00418,0.0207,87233,1806,431650,3253490,37.3,37.49
BOL,10,0,0,0,1,1540.02,2005,2010,4,1,40,5,0.00547,0.02697,85427,2304,421375,2821840,33.03,33.23
BOL,10,0,0,0,1,1540.02,2005,2010,4,1,45,5,0.00754,0.03701,83123,3076,407925,2400465,28.88,29.08
BOL,10,0,0,0,1,1540.02,2005,2010,4,1,50,5,0.01003,0.04895,80047,3918,390440,1992540,24.89,25.1
BOL,10,0,0,0,1,1540.02,2005,2010,4,1,55,5,0.01389,0.0671,76129,5108,367875,1602100,21.04,21.26
BOL,10,0,0,0,1,1540.02,2005,2010,4,1,60,5,0.01757,0.08417,71021,5978,340160,1234225,17.38,17.61
BOL,10,0,0,0,1,1540.02,2005,2010,4,1,65,5,0.02767,0.12939,65043,8416,304175,894065,13.75,14
BOL,10,0,0,0,1,1540.02,2005,2010,4,1,70,5,0.04733,0.2116,56627,11982,253180,589890,10.42,10.71
BOL,10,0,0,0,1,1540.02,2005,2010,4,1,75,5,0.08305,0.34387,44645,15352,184845,336710,7.54,7.92
BOL,10,0,0,0,1,1540.02,2005,2010,4,1,80,99,0.19289,1,29293,29293,151865,151865,5.18,5.76
BOL,10,0,0,0,1,1540.02,2005,2010,4,2,0,1,0.03847,0.03727,100000,3727,96876,6859084,68.59,68.88
BOL,10,0,0,0,1,1540.02,2005,2010,4,2,1,4,0.00349,0.01385,96273,1333,381711,6762208,70.24,70.54
BOL,10,0,0,0,1,1540.02,2005,2010,4,2,5,5,0.00223,0.01109,94940,1053,472068,6380498,67.21,67.51
BOL,10,0,0,0,1,1540.02,2005,2010,4,2,10,5,0.0013,0.0065,93887,610,467910,5908430,62.93,63.24
BOL,10,0,0,0,1,1540.02,2005,2010,4,2,15,5,0.00151,0.00753,93277,702,464630,5440520,58.33,58.64
BOL,10,0,0,0,1,1540.02,2005,2010,4,2,20,5,0.00164,0.00816,92575,755,460988,4975890,53.75,54.06
BOL,10,0,0,0,1,1540.02,2005,2010,4,2,25,5,0.00176,0.00876,91820,804,457090,4514903,49.17,49.49
BOL,10,0,0,0,1,1540.02,2005,2010,4,2,30,5,0.00221,0.01099,91016,1000,452580,4057813,44.58,44.9
BOL,10,0,0,0,1,1540.02,2005,2010,4,2,35,5,0.00329,0.0163,90016,1467,446412,3605233,40.05,40.37
BOL,10,0,0,0,1,1540.02,2005,2010,4,2,40,5,0.00421,0.02081,88549,1843,438138,3158820,35.67,36
BOL,10,0,0,0,1,1540.02,2005,2010,4,2,45,5,0.00592,0.02918,86706,2530,427205,2720683,31.38,31.71
BOL,10,0,0,0,1,1540.02,2005,2010,4,2,50,5,0.00784,0.03846,84176,3237,412788,2293478,27.25,27.59
BOL,10,0,0,0,1,1540.02,2005,2010,4,2,55,5,0.00951,0.04647,80939,3761,395292,1880690,23.24,23.59
BOL,10,0,0,0,1,1540.02,2005,2010,4,2,60,5,0.01213,0.05886,77178,4543,374532,1485398,19.25,19.62
BOL,10,0,0,0,1,1540.02,2005,2010,4,2,65,5,0.01922,0.09169,72635,6660,346525,1110865,15.29,15.69
BOL,10,0,0,0,1,1540.02,2005,2010,4,2,70,5,0.03599,0.16508,65975,10891,302648,764340,11.59,12.02
BOL,10,0,0,0,1,1540.02,2005,2010,4,2,75,5,0.06684,0.28634,55084,15773,235988,461693,8.38,8.91
BOL,10,0,0,0,1,1540.02,2005,2010,4,2,80,99,0.17417,1,39311,39311,225705,225705,5.74,6.48
BOL,20,0,0,0,1,1540.03,2005,2010,4,1,0,1,0.0552,0.05289,100000,5289,95815,6242453,62.42,62.52
BOL,20,0,0,0,1,1540.03,2005,2010,4,1,1,4,0.00418,0.01656,94711,1568,374914,6146638,64.9,65
BOL,20,0,0,0,1,1540.03,2005,2010,4,1,5,5,0.00291,0.01444,93143,1345,462352,5771724,61.97,62.07
BOL,20,0,0,0,1,1540.03,2005,2010,4,1,10,5,0.0018,0.00895,91798,822,456935,5309372,57.84,57.94
BOL,20,0,0,0,1,1540.03,2005,2010,4,1,15,5,0.00273,0.01358,90976,1235,451792,4852437,53.34,53.44
BOL,20,0,0,0,1,1540.03,2005,2010,4,1,20,5,0.00306,0.0152,89741,1364,445295,4400644,49.04,49.15
BOL,20,0,0,0,1,1540.03,2005,2010,4,1,25,5,0.00339,0.0168,88377,1485,438172,3955349,44.76,44.87
BOL,20,0,0,0,1,1540.03,2005,2010,4,1,30,5,0.00394,0.01952,86892,1696,430220,3517177,40.48,40.59
BOL,20,0,0,0,1,1540.03,2005,2010,4,1,35,5,0.00486,0.02402,85196,2046,420865,3086957,36.23,36.35
BOL,20,0,0,0,1,1540.03,2005,2010,4,1,40,5,0.00632,0.03112,83150,2588,409280,2666092,32.06,32.18
BOL,20,0,0,0,1,1540.03,2005,2010,4,1,45,5,0.00867,0.04244,80562,3419,394262,2256812,28.01,28.13
BOL,20,0,0,0,1,1540.03,2005,2010,4,1,50,5,0.01145,0.05565,77143,4293,374982,1862549,24.14,24.27
BOL,20,0,0,0,1,1540.03,2005,2010,4,1,55,5,0.0157,0.07554,72850,5503,350492,1487567,20.42,20.55
BOL,20,0,0,0,1,1540.03,2005,2010,4,1,60,5,0.01964,0.09359,67347,6303,320978,1137074,16.88,17.03
BOL,20,0,0,0,1,1540.03,2005,2010,4,1,65,5,0.03052,0.14177,61044,8654,283585,816097,13.37,13.53
BOL,20,0,0,0,1,1540.03,2005,2010,4,1,70,5,0.05126,0.2272,52390,11903,232192,532512,10.16,10.35
BOL,20,0,0,0,1,1540.03,2005,2010,4,1,75,5,0.08782,0.36004,40487,14577,165992,300319,7.42,7.66
BOL,20,0,0,0,1,1540.03,2005,2010,4,1,80,99,0.19289,1,25910,25910,134327,134327,5.18,5.56
BOL,20,0,0,0,1,1540.03,2005,2010,4,2,0,1,0.04499,0.04339,100000,4339,96443,6661056,66.61,66.85
BOL,20,0,0,0,1,1540.03,2005,2010,4,2,1,4,0.00414,0.0164,95661,1569,378648,6564614,68.62,68.87
BOL,20,0,0,0,1,1540.03,2005,2010,4,2,5,5,0.00264,0.01311,94092,1234,467375,6185965,65.74,66
BOL,20,0,0,0,1,1540.03,2005,2010,4,2,10,5,0.00154,0.00767,92858,712,462510,5718590,61.58,61.84
BOL,20,0,0,0,1,1540.03,2005,2010,4,2,15,5,0.00178,0.00887,92146,817,458688,5256080,57.04,57.3
BOL,20,0,0,0,1,1540.03,2005,2010,4,2,20,5,0.00193,0.0096,91329,877,454452,4797393,52.53,52.79
BOL,20,0,0,0,1,1540.03,2005,2010,4,2,25,5,0.00207,0.01028,90452,930,449935,4342940,48.01,48.28
BOL,20,0,0,0,1,1540.03,2005,2010,4,2,30,5,0.00259,0.01286,89522,1151,444732,3893005,43.49,43.75
BOL,20,0,0,0,1,1540.03,2005,2010,4,2,35,5,0.00384,0.01903,88371,1682,437650,3448273,39.02,39.29
BOL,20,0,0,0,1,1540.03,2005,2010,4,2,40,5,0.0049,0.02421,86689,2099,428198,3010623,34.73,35.01
BOL,20,0,0,0,1,1540.03,2005,2010,4,2,45,5,0.00687,0.03376,84590,2856,415810,2582425,30.53,30.81
BOL,20,0,0,0,1,1540.03,2005,2010,4,2,50,5,0.00827,0.04052,81734,3312,400390,2166615,26.51,26.8
BOL,20,0,0,0,1,1540.03,2005,2010,4,2,55,5,0.01088,0.05298,78422,4155,381722,1766225,22.52,22.83
BOL,20,0,0,0,1,1540.03,2005,2010,4,2,60,5,0.01376,0.06652,74267,4940,358985,1384503,18.64,18.97
BOL,20,0,0,0,1,1540.03,2005,2010,4,2,65,5,0.02157,0.10233,69327,7094,328900,1025518,14.79,15.14
BOL,20,0,0,0,1,1540.03,2005,2010,4,2,70,5,0.03972,0.18068,62233,11244,283055,696618,11.19,11.58
BOL,20,0,0,0,1,1540.03,2005,2010,4,2,75,5,0.07193,0.30485,50989,15544,216085,413563,8.11,8.58
BOL,20,0,0,0,1,1540.03,2005,2010,4,2,80,99,0.17949,1,35445,35445,197478,197478,5.57,6.25
BOL,30,0,0,0,1,1540.04,2005,2010,4,1,0,1,0.05521,0.0529,100000,5290,95814,6212565,62.13,62.21
BOL,30,0,0,0,1,1540.04,2005,2010,4,1,1,4,0.00431,0.01705,94710,1615,374792,6116751,64.58,64.67
BOL,30,0,0,0,1,1540.04,2005,2010,4,1,5,5,0.00299,0.01486,93095,1383,462018,5741959,61.68,61.77
BOL,30,0,0,0,1,1540.04,2005,2010,4,1,10,5,0.00185,0.0092,91712,844,456450,5279941,57.57,57.66
BOL,30,0,0,0,1,1540.04,2005,2010,4,1,15,5,0.00281,0.01395,90868,1268,451170,4823491,53.08,53.18
BOL,30,0,0,0,1,1540.04,2005,2010,4,1,20,5,0.00315,0.01564,89600,1401,444498,4372321,48.8,48.89
BOL,30,0,0,0,1,1540.04,2005,2010,4,1,25,5,0.00348,0.01725,88199,1521,437192,3927824,44.53,44.63
BOL,30,0,0,0,1,1540.04,2005,2010,4,1,30,5,0.00405,0.02003,86678,1736,429050,3490631,40.27,40.37
BOL,30,0,0,0,1,1540.04,2005,2010,4,1,35,5,0.00498,0.02462,84942,2091,419482,3061581,36.04,36.14
BOL,30,0,0,0,1,1540.04,2005,2010,4,1,40,5,0.00648,0.03188,82851,2641,407652,2642099,31.89,31.99
BOL,30,0,0,0,1,1540.04,2005,2010,4,1,45,5,0.00887,0.0434,80210,3481,392348,2234446,27.86,27.96
BOL,30,0,0,0,1,1540.04,2005,2010,4,1,50,5,0.0117,0.05682,76729,4360,372745,1842099,24.01,24.12
BOL,30,0,0,0,1,1540.04,2005,2010,4,1,55,5,0.01602,0.07702,72369,5574,347910,1469354,20.3,20.42
BOL,30,0,0,0,1,1540.04,2005,2010,4,1,60,5,0.01999,0.09519,66795,6358,318080,1121444,16.79,16.92
BOL,30,0,0,0,1,1540.04,2005,2010,4,1,65,5,0.03102,0.14395,60437,8700,280435,803364,13.29,13.44
BOL,30,0,0,0,1,1540.04,2005,2010,4,1,70,5,0.05207,0.23036,51737,11918,228890,522929,10.11,10.27
BOL,30,0,0,0,1,1540.04,2005,2010,4,1,75,5,0.08911,0.36437,39819,14509,162822,294039,7.38,7.6
BOL,30,0,0,0,1,1540.04,2005,2010,4,1,80,99,0.19289,1,25310,25310,131216,131216,5.18,5.52
BOL,30,0,0,0,1,1540.04,2005,2010,4,2,0,1,0.04682,0.0451,100000,4510,96326,6626472,66.26,66.48
BOL,30,0,0,0,1,1540.04,2005,2010,4,2,1,4,0.00421,0.01667,95490,1592,377901,6530146,68.39,68.61
BOL,30,0,0,0,1,1540.04,2005,2010,4,2,5,5,0.00268,0.01331,93898,1250,466365,6152245,65.52,65.75
BOL,30,0,0,0,1,1540.04,2005,2010,4,2,10,5,0.00156,0.00778,92648,721,461438,5685880,61.37,61.6
BOL,30,0,0,0,1,1540.04,2005,2010,4,2,15,5,0.00181,0.00901,91927,828,457565,5224442,56.83,57.07
BOL,30,0,0,0,1,1540.04,2005,2010,4,2,20,5,0.00196,0.00974,91099,887,453278,4766877,52.33,52.56
BOL,30,0,0,0,1,1540.04,2005,2010,4,2,25,5,0.0021,0.01044,90212,942,448705,4313600,47.82,48.06
BOL,30,0,0,0,1,1540.04,2005,2010,4,2,30,5,0.00263,0.01305,89270,1165,443438,3864895,43.29,43.54
BOL,30,0,0,0,1,1540.04,2005,2010,4,2,35,5,0.0039,0.01932,88105,1702,436270,3421457,38.83,39.08
BOL,30,0,0,0,1,1540.04,2005,2010,4,2,40,5,0.00497,0.02455,86403,2121,426712,2985187,34.55,34.8
BOL,30,0,0,0,1,1540.04,2005,2010,4,2,45,5,0.00696,0.03421,84282,2883,414202,2558475,30.36,30.61
BOL,30,0,0,0,1,1540.04,2005,2010,4,2,50,5,0.00916,0.04479,81399,3646,397880,2144272,26.34,26.61
BOL,30,0,0,0,1,1540.04,2005,2010,4,2,55,5,0.01102,0.05363,77753,4170,378340,1746392,22.46,22.74
BOL,30,0,0,0,1,1540.04,2005,2010,4,2,60,5,0.01392,0.06726,73583,4949,355542,1368052,18.59,18.88
BOL,30,0,0,0,1,1540.04,2005,2010,4,2,65,5,0.0218,0.10336,68634,7094,325435,1012510,14.75,15.07
BOL,30,0,0,0,1,1540.04,2005,2010,4,2,70,5,0.0401,0.18222,61540,11214,279665,687075,11.16,11.52
BOL,30,0,0,0,1,1540.04,2005,2010,4,2,75,5,0.07247,0.30676,50326,15438,213035,407410,8.1,8.52
BOL,30,0,0,0,1,1540.04,2005,2010,4,2,80,99,0.17949,1,34888,34888,194375,194375,5.57,6.19
BOL,40,0,0,0,1,1540.05,2005,2010,4,1,0,1,0.05058,0.0486,100000,4860,96092,6359535,63.6,63.72
BOL,40,0,0,0,1,1540.05,2005,2010,4,1,1,4,0.00382,0.01515,95140,1441,376967,6263443,65.83,65.97
BOL,40,0,0,0,1,1540.05,2005,2010,4,1,5,5,0.00266,0.01322,93699,1239,465398,5886476,62.82,62.96
BOL,40,0,0,0,1,1540.05,2005,2010,4,1,10,5,0.00165,0.00821,92460,759,460402,5421079,58.63,58.77
BOL,40,0,0,0,1,1540.05,2005,2010,4,1,15,5,0.00251,0.01245,91701,1142,455650,4960676,54.1,54.23
BOL,40,0,0,0,1,1540.05,2005,2010,4,1,20,5,0.00282,0.01398,90559,1266,449630,4505026,49.75,49.89
BOL,40,0,0,0,1,1540.05,2005,2010,4,1,25,5,0.00312,0.01548,89293,1382,443010,4055396,45.42,45.56
BOL,40,0,0,0,1,1540.05,2005,2010,4,1,30,5,0.00363,0.018,87911,1582,435600,3612386,41.09,41.23
BOL,40,0,0,0,1,1540.05,2005,2010,4,1,35,5,0.00449,0.02219,86329,1916,426855,3176786,36.8,36.94
BOL,40,0,0,0,1,1540.05,2005,2010,4,1,40,5,0.00585,0.02885,84413,2435,415978,2749931,32.58,32.73
BOL,40,0,0,0,1,1540.05,2005,2010,4,1,45,5,0.00805,0.03944,81978,3233,401808,2333954,28.47,28.62
BOL,40,0,0,0,1,1540.05,2005,2010,4,1,50,5,0.01067,0.05197,78745,4092,383495,1932146,24.54,24.7
BOL,40,0,0,0,1,1540.05,2005,2010,4,1,55,5,0.0147,0.07091,74653,5294,360030,1548651,20.74,20.91
BOL,40,0,0,0,1,1540.05,2005,2010,4,1,60,5,0.0185,0.08841,69359,6132,331465,1188621,17.14,17.32
BOL,40,0,0,0,1,1540.05,2005,2010,4,1,65,5,0.02898,0.13512,63227,8543,294778,857156,13.56,13.76
BOL,40,0,0,0,1,1540.05,2005,2010,4,1,70,5,0.04927,0.21933,54684,11994,243435,562379,10.28,10.51
BOL,40,0,0,0,1,1540.05,2005,2010,4,1,75,5,0.08576,0.35308,42690,15073,175768,318944,7.47,7.77
BOL,40,0,0,0,1,1540.05,2005,2010,4,1,80,99,0.19289,1,27617,27617,143176,143176,5.18,5.64
BOL,40,0,0,0,1,1540.05,2005,2010,4,2,0,1,0.04287,0.0414,100000,4140,96581,6816776,68.17,68.46
BOL,40,0,0,0,1,1540.05,2005,2010,4,2,1,4,0.00356,0.01411,95860,1353,379999,6720195,70.1,70.41
BOL,40,0,0,0,1,1540.05,2005,2010,4,2,5,5,0.00227,0.01129,94507,1067,469868,6340196,67.09,67.4
BOL,40,0,0,0,1,1540.05,2005,2010,4,2,10,5,0.00133,0.00661,93440,618,465655,5870328,62.82,63.14
BOL,40,0,0,0,1,1540.05,2005,2010,4,2,15,5,0.00154,0.00766,92822,711,462332,5404673,58.23,58.54
BOL,40,0,0,0,1,1540.05,2005,2010,4,2,20,5,0.00167,0.00832,92111,766,458640,4942341,53.66,53.97
BOL,40,0,0,0,1,1540.05,2005,2010,4,2,25,5,0.00179,0.00891,91345,814,454690,4483701,49.09,49.41
BOL,40,0,0,0,1,1540.05,2005,2010,4,2,30,5,0.00225,0.01119,90531,1013,450122,4029011,44.5,44.83
BOL,40,0,0,0,1,1540.05,2005,2010,4,2,35,5,0.00335,0.01659,89518,1485,443878,3578888,39.98,40.31
BOL,40,0,0,0,1,1540.05,2005,2010,4,2,40,5,0.00428,0.02119,88033,1865,435502,3135011,35.61,35.94
BOL,40,0,0,0,1,1540.05,2005,2010,4,2,45,5,0.00602,0.02964,86168,2554,424455,2699508,31.33,31.67
BOL,40,0,0,0,1,1540.05,2005,2010,4,2,50,5,0.00797,0.03905,83614,3265,409908,2275053,27.21,27.56
BOL,40,0,0,0,1,1540.05,2005,2010,4,2,55,5,0.00965,0.04713,80349,3787,392278,1865146,23.21,23.58
BOL,40,0,0,0,1,1540.05,2005,2010,4,2,60,5,0.0123,0.05965,76562,4567,371392,1472868,19.24,19.62
BOL,40,0,0,0,1,1540.05,2005,2010,4,2,65,5,0.0194,0.09252,71995,6661,343322,1101476,15.3,15.71
BOL,40,0,0,0,1,1540.05,2005,2010,4,2,70,5,0.03601,0.16517,65334,10791,299692,758153,11.6,12.05
BOL,40,0,0,0,1,1540.05,2005,2010,4,2,75,5,0.06605,0.28345,54543,15460,234065,458461,8.41,8.94
BOL,40,0,0,0,1,1540.05,2005,2010,4,2,80,99,0.17417,1,39083,39083,224396,224396,5.74,6.49
BOL,50,0,0,0,1,1540.06,2005,2010,4,1,0,1,0.06328,0.06034,100000,6034,95360,6044138,60.44,60.52
BOL,50,0,0,0,1,1540.06,2005,2010,4,1,1,4,0.00484,0.01911,93966,1796,371322,5948778,63.31,63.39
BOL,50,0,0,0,1,1540.06,2005,2010,4,1,5,5,0.00335,0.01661,92170,1531,457022,5577456,60.51,60.6
BOL,50,0,0,0,1,1540.06,2005,2010,4,1,10,5,0.00207,0.01029,90639,933,450862,5120433,56.49,56.58
BOL,50,0,0,0,1,1540.06,2005,2010,4,1,15,5,0.00314,0.01556,89706,1396,445040,4669571,52.05,52.14
BOL,50,0,0,0,1,1540.06,2005,2010,4,1,20,5,0.00351,0.01739,88310,1536,437710,4224531,47.84,47.93
BOL,50,0,0,0,1,1540.06,2005,2010,4,1,25,5,0.00387,0.01915,86774,1662,429715,3786821,43.64,43.73
BOL,50,0,0,0,1,1540.06,2005,2010,4,1,30,5,0.00448,0.02217,85112,1887,420842,3357106,39.44,39.54
BOL,50,0,0,0,1,1540.06,2005,2010,4,1,35,5,0.00551,0.02719,83225,2263,410468,2936263,35.28,35.38
BOL,50,0,0,0,1,1540.06,2005,2010,4,1,40,5,0.00714,0.03508,80962,2840,397710,2525796,31.2,31.3
BOL,50,0,0,0,1,1540.06,2005,2010,4,1,45,5,0.00973,0.0475,78122,3711,381332,2128086,27.24,27.34
BOL,50,0,0,0,1,1540.06,2005,2010,4,1,50,5,0.01277,0.06186,74411,4603,360548,1746753,23.47,23.58
BOL,50,0,0,0,1,1540.06,2005,2010,4,1,55,5,0.01736,0.08317,69808,5806,334525,1386206,19.86,19.97
BOL,50,0,0,0,1,1540.06,2005,2010,4,1,60,5,0.02149,0.10198,64002,6527,303692,1051681,16.43,16.56
BOL,50,0,0,0,1,1540.06,2005,2010,4,1,65,5,0.03301,0.15245,57475,8762,265470,747988,13.01,13.15
BOL,50,0,0,0,1,1540.06,2005,2010,4,1,70,5,0.05457,0.2401,48713,11696,214325,482518,9.91,10.07
BOL,50,0,0,0,1,1540.06,2005,2010,4,1,75,5,0.09163,0.37275,37017,13798,150590,268193,7.25,7.46
BOL,50,0,0,0,1,1540.06,2005,2010,4,1,80,99,0.19743,1,23219,23219,117603,117603,5.06,5.41
BOL,50,0,0,0,1,1540.06,2005,2010,4,2,0,1,0.05157,0.04952,100000,4952,96031,6471456,64.71,64.87
BOL,50,0,0,0,1,1540.06,2005,2010,4,2,1,4,0.00479,0.01894,95048,1800,375590,6375425,67.08,67.24
BOL,50,0,0,0,1,1540.06,2005,2010,4,2,5,5,0.00304,0.0151,93248,1408,462720,5999835,64.34,64.51
BOL,50,0,0,0,1,1540.06,2005,2010,4,2,10,5,0.00177,0.00882,91840,810,457175,5537115,60.29,60.46
BOL,50,0,0,0,1,1540.06,2005,2010,4,2,15,5,0.00205,0.01018,91030,927,452832,5079940,55.81,55.98
BOL,50,0,0,0,1,1540.06,2005,2010,4,2,20,5,0.00221,0.011,90103,991,448038,4627107,51.35,51.53
BOL,50,0,0,0,1,1540.06,2005,2010,4,2,25,5,0.00237,0.01177,89112,1049,442938,4179070,46.9,47.07
BOL,50,0,0,0,1,1540.06,2005,2010,4,2,30,5,0.00296,0.01468,88063,1293,437082,3736132,42.43,42.6
BOL,50,0,0,0,1,1540.06,2005,2010,4,2,35,5,0.00439,0.02169,86770,1882,429145,3299050,38.02,38.2
BOL,50,0,0,0,1,1540.06,2005,2010,4,2,40,5,0.00557,0.02746,84888,2331,418612,2869905,33.81,33.99
BOL,50,0,0,0,1,1540.06,2005,2010,4,2,45,5,0.00777,0.03812,82557,3147,404918,2451292,29.69,29.88
BOL,50,0,0,0,1,1540.06,2005,2010,4,2,50,5,0.01017,0.0496,79410,3939,387202,2046375,25.77,25.97
BOL,50,0,0,0,1,1540.06,2005,2010,4,2,55,5,0.01216,0.05903,75471,4455,366218,1659172,21.98,22.19
BOL,50,0,0,0,1,1540.06,2005,2010,4,2,60,5,0.01525,0.07346,71016,5217,342038,1292955,18.21,18.43
BOL,50,0,0,0,1,1540.06,2005,2010,4,2,65,5,0.02367,0.11175,65799,7353,310612,950917,14.45,14.69
BOL,50,0,0,0,1,1540.06,2005,2010,4,2,70,5,0.04296,0.19396,58446,11336,263890,640305,10.96,11.22
BOL,50,0,0,0,1,1540.06,2005,2010,4,2,75,5,0.07614,0.3198,47110,15066,197885,376415,7.99,8.32
BOL,50,0,0,0,1,1540.06,2005,2010,4,2,80,99,0.17949,1,32044,32044,178530,178530,5.57,6.06
BOL,60,0,0,0,1,1540.07,2005,2010,4,1,0,1,0.04941,0.04751,100000,4751,96164,6396571,63.97,64.11
BOL,60,0,0,0,1,1540.07,2005,2010,4,1,1,4,0.00371,0.0147,95249,1400,377510,6300407,66.15,66.3
BOL,60,0,0,0,1,1540.07,2005,2010,4,1,5,5,0.00258,0.01283,93849,1204,466235,5922897,63.11,63.27
BOL,60,0,0,0,1,1540.07,2005,2010,4,1,10,5,0.0016,0.00796,92645,737,461382,5456662,58.9,59.06
BOL,60,0,0,0,1,1540.07,2005,2010,4,1,15,5,0.00243,0.0121,91908,1112,456760,4995280,54.35,54.51
BOL,60,0,0,0,1,1540.07,2005,2010,4,1,20,5,0.00273,0.01358,90796,1233,450898,4538520,49.99,50.15
BOL,60,0,0,0,1,1540.07,2005,2010,4,1,25,5,0.00303,0.01503,89563,1346,444450,4087622,45.64,45.8
BOL,60,0,0,0,1,1540.07,2005,2010,4,1,30,5,0.00353,0.01751,88217,1545,437222,3643172,41.3,41.46
BOL,60,0,0,0,1,1540.07,2005,2010,4,1,35,5,0.00437,0.02163,86672,1875,428672,3205950,36.99,37.16
BOL,60,0,0,0,1,1540.07,2005,2010,4,1,40,5,0.00571,0.02813,84797,2385,418022,2777277,32.75,32.92
BOL,60,0,0,0,1,1540.07,2005,2010,4,1,45,5,0.00786,0.03853,82412,3175,404122,2359255,28.63,28.8
BOL,60,0,0,0,1,1540.07,2005,2010,4,1,50,5,0.01043,0.05082,79237,4027,386118,1955132,24.67,24.86
BOL,60,0,0,0,1,1540.07,2005,2010,4,1,55,5,0.0144,0.0695,75210,5227,362982,1569015,20.86,21.06
BOL,60,0,0,0,1,1540.07,2005,2010,4,1,60,5,0.01816,0.08686,69983,6079,334718,1206032,17.23,17.44
BOL,60,0,0,0,1,1540.07,2005,2010,4,1,65,5,0.02848,0.13295,63904,8496,298280,871315,13.63,13.86
BOL,60,0,0,0,1,1540.07,2005,2010,4,1,70,5,0.04847,0.21616,55408,11977,247098,573035,10.34,10.61
BOL,60,0,0,0,1,1540.07,2005,2010,4,1,75,5,0.08447,0.34871,43431,15145,179292,325937,7.5,7.84
BOL,60,0,0,0,1,1540.07,2005,2010,4,1,80,99,0.19289,1,28286,28286,146645,146645,5.18,5.7
BOL,60,0,0,0,1,1540.07,2005,2010,4,2,0,1,0.04026,0.03895,100000,3895,96755,6803644,68.04,68.29
BOL,60,0,0,0,1,1540.07,2005,2010,4,2,1,4,0.00367,0.01454,96105,1397,380872,6706889,69.79,70.05
BOL,60,0,0,0,1,1540.07,2005,2010,4,2,5,5,0.00234,0.01164,94708,1102,470785,6326016,66.79,67.06
BOL,60,0,0,0,1,1540.07,2005,2010,4,2,10,5,0.00137,0.00681,93606,637,466438,5855231,62.55,62.82
BOL,60,0,0,0,1,1540.07,2005,2010,4,2,15,5,0.00159,0.0079,92969,734,463010,5388794,57.96,58.24
BOL,60,0,0,0,1,1540.07,2005,2010,4,2,20,5,0.00172,0.00854,92235,788,459205,4925784,53.4,53.68
BOL,60,0,0,0,1,1540.07,2005,2010,4,2,25,5,0.00184,0.00916,91447,838,455140,4466579,48.84,49.12
BOL,60,0,0,0,1,1540.07,2005,2010,4,2,30,5,0.00231,0.01149,90609,1041,450442,4011439,44.27,44.55
BOL,60,0,0,0,1,1540.07,2005,2010,4,2,35,5,0.00344,0.01705,89568,1527,444022,3560996,39.76,40.04
BOL,60,0,0,0,1,1540.07,2005,2010,4,2,40,5,0.00439,0.02173,88041,1913,435422,3116974,35.4,35.69
BOL,60,0,0,0,1,1540.07,2005,2010,4,2,45,5,0.00618,0.03042,86128,2620,424090,2681551,31.13,31.43
BOL,60,0,0,0,1,1540.07,2005,2010,4,2,50,5,0.00817,0.04004,83508,3344,409180,2257461,27.03,27.34
BOL,60,0,0,0,1,1540.07,2005,2010,4,2,55,5,0.00989,0.04826,80164,3869,391148,1848281,23.06,23.37
BOL,60,0,0,0,1,1540.07,2005,2010,4,2,60,5,0.01258,0.06097,76295,4652,369845,1457134,19.1,19.43
BOL,60,0,0,0,1,1540.07,2005,2010,4,2,65,5,0.01987,0.09465,71643,6781,341262,1087289,15.18,15.53
BOL,60,0,0,0,1,1540.07,2005,2010,4,2,70,5,0.03703,0.16947,64862,10992,296830,746026,11.5,11.89
BOL,60,0,0,0,1,1540.07,2005,2010,4,2,75,5,0.06827,0.29157,53870,15707,230082,449196,8.34,8.81
BOL,60,0,0,0,1,1540.07,2005,2010,4,2,80,99,0.17417,1,38163,38163,219114,219114,5.74,6.41
BOL,70,0,0,0,1,1540.08,2005,2010,4,1,0,1,0.07562,0.07164,100000,7164,94734,5772017,57.72,57.75
BOL,70,0,0,0,1,1540.08,2005,2010,4,1,1,4,0.00585,0.02304,92836,2139,365862,5677283,61.15,61.19
BOL,70,0,0,0,1,1540.08,2005,2010,4,1,5,5,0.00403,0.01996,90697,1810,448960,5311421,58.56,58.6
BOL,70,0,0,0,1,1540.08,2005,2010,4,1,10,5,0.00248,0.01233,88887,1096,441695,4862461,54.7,54.74
BOL,70,0,0,0,1,1540.08,2005,2010,4,1,15,5,0.00375,0.01858,87791,1631,434878,4420766,50.36,50.39
BOL,70,0,0,0,1,1540.08,2005,2010,4,1,20,5,0.00418,0.02071,86160,1784,426340,3985889,46.26,46.3
BOL,70,0,0,0,1,1540.08,2005,2010,4,1,25,5,0.00459,0.0227,84376,1915,417092,3559549,42.19,42.22
BOL,70,0,0,0,1,1540.08,2005,2010,4,1,30,5,0.0053,0.02615,82461,2156,406915,3142456,38.11,38.15
BOL,70,0,0,0,1,1540.08,2005,2010,4,1,35,5,0.00648,0.03188,80305,2560,395125,2735541,34.06,34.1
BOL,70,0,0,0,1,1540.08,2005,2010,4,1,40,5,0.00834,0.04083,77745,3174,380790,2340416,30.1,30.14
BOL,70,0,0,0,1,1540.08,2005,2010,4,1,45,5,0.01128,0.05485,74571,4090,362630,1959626,26.28,26.32
BOL,70,0,0,0,1,1540.08,2005,2010,4,1,50,5,0.01464,0.07063,70481,4978,339960,1596996,22.66,22.7
BOL,70,0,0,0,1,1540.08,2005,2010,4,1,55,5,0.01969,0.09381,65503,6145,312152,1257036,19.19,19.24
BOL,70,0,0,0,1,1540.08,2005,2010,4,1,60,5,0.02403,0.11336,59358,6729,279968,944884,15.92,15.97
BOL,70,0,0,0,1,1540.08,2005,2010,4,1,65,5,0.03633,0.16651,52629,8763,241238,664916,12.63,12.69
BOL,70,0,0,0,1,1540.08,2005,2010,4,1,70,5,0.05885,0.25651,43866,11252,191200,423679,9.66,9.73
BOL,70,0,0,0,1,1540.08,2005,2010,4,1,75,5,0.09634,0.38821,32614,12661,131418,232479,7.13,7.23
BOL,70,0,0,0,1,1540.08,2005,2010,4,1,80,99,0.19743,1,19953,19953,101061,101061,5.06,5.22
BOL,70,0,0,0,1,1540.08,2005,2010,4,2,0,1,0.06181,0.05899,100000,5899,95440,6211943,62.12,62.19
BOL,70,0,0,0,1,1540.08,2005,2010,4,2,1,4,0.00581,0.02289,94101,2154,370864,6116503,65,65.07
BOL,70,0,0,0,1,1540.08,2005,2010,4,2,5,5,0.00367,0.0182,91947,1673,455552,5745640,62.49,62.57
BOL,70,0,0,0,1,1540.08,2005,2010,4,2,10,5,0.00213,0.0106,90274,957,448978,5290087,58.6,58.68
BOL,70,0,0,0,1,1540.08,2005,2010,4,2,15,5,0.00246,0.01221,89317,1091,443858,4841110,54.2,54.28
BOL,70,0,0,0,1,1540.08,2005,2010,4,2,20,5,0.00265,0.01317,88226,1162,438225,4397252,49.84,49.92
BOL,70,0,0,0,1,1540.08,2005,2010,4,2,25,5,0.00283,0.01404,87064,1222,432265,3959027,45.47,45.55
BOL,70,0,0,0,1,1540.08,2005,2010,4,2,30,5,0.00353,0.01747,85842,1500,425460,3526762,41.08,41.17
BOL,70,0,0,0,1,1540.08,2005,2010,4,2,35,5,0.0052,0.02568,84342,2166,416295,3101302,36.77,36.85
BOL,70,0,0,0,1,1540.08,2005,2010,4,2,40,5,0.00658,0.03235,82176,2658,404235,2685007,32.67,32.76
BOL,70,0,0,0,1,1540.08,2005,2010,4,2,45,5,0.00912,0.04457,79518,3544,388730,2280772,28.68,28.77
BOL,70,0,0,0,1,1540.08,2005,2010,4,2,50,5,0.01184,0.05748,75974,4367,368952,1892042,24.9,25
BOL,70,0,0,0,1,1540.08,2005,2010,4,2,55,5,0.01402,0.06772,71607,4849,345912,1523090,21.27,21.37
BOL,70,0,0,0,1,1540.08,2005,2010,4,2,60,5,0.01738,0.08327,66758,5559,319892,1177177,17.63,17.74
BOL,70,0,0,0,1,1540.08,2005,2010,4,2,65,5,0.02662,0.12477,61199,7636,286905,857285,14.01,14.12
BOL,70,0,0,0,1,1540.08,2005,2010,4,2,70,5,0.04734,0.21164,53563,11336,239475,570380,10.65,10.78
BOL,70,0,0,0,1,1540.08,2005,2010,4,2,75,5,0.0816,0.33886,42227,14309,175362,330905,7.84,8
BOL,70,0,0,0,1,1540.08,2005,2010,4,2,80,99,0.17949,1,27918,27918,155542,155542,5.57,5.82
BOL,80,0,0,0,1,1540.09,2005,2010,4,1,0,1,0.04223,0.0408,100000,4080,96623,6582178,65.82,66.04
BOL,80,0,0,0,1,1540.09,2005,2010,4,1,1,4,0.00319,0.01268,95920,1216,380677,6485555,67.61,67.84
BOL,80,0,0,0,1,1540.09,2005,2010,4,1,5,5,0.00223,0.01109,94704,1050,470895,6104878,64.46,64.69
BOL,80,0,0,0,1,1540.09,2005,2010,4,1,10,5,0.00138,0.00689,93654,645,466658,5633983,60.16,60.39
BOL,80,0,0,0,1,1540.09,2005,2010,4,1,15,5,0.00211,0.01048,93009,975,462608,5167326,55.56,55.79
BOL,80,0,0,0,1,1540.09,2005,2010,4,1,20,5,0.00237,0.0118,92034,1086,457455,4704718,51.12,51.36
BOL,80,0,0,0,1,1540.09,2005,2010,4,1,25,5,0.00264,0.01311,90948,1192,451760,4247263,46.7,46.94
BOL,80,0,0,0,1,1540.09,2005,2010,4,1,30,5,0.00308,0.0153,89756,1373,445348,3795503,42.29,42.53
BOL,80,0,0,0,1,1540.09,2005,2010,4,1,35,5,0.00383,0.01896,88383,1676,437725,3350156,37.9,38.15
BOL,80,0,0,0,1,1540.09,2005,2010,4,1,40,5,0.00501,0.02476,86707,2147,428168,2912431,33.59,33.84
BOL,80,0,0,0,1,1540.09,2005,2010,4,1,45,5,0.00694,0.03409,84560,2883,415592,2484263,29.38,29.64
BOL,80,0,0,0,1,1540.09,2005,2010,4,1,50,5,0.00927,0.04529,81677,3699,399138,2068671,25.33,25.6
BOL,80,0,0,0,1,1540.09,2005,2010,4,1,55,5,0.01289,0.06244,77978,4869,377718,1669533,21.41,21.69
BOL,80,0,0,0,1,1540.09,2005,2010,4,1,60,5,0.01642,0.07884,73109,5764,351135,1291816,17.67,17.97
BOL,80,0,0,0,1,1540.09,2005,2010,4,1,65,5,0.02605,0.12227,67345,8234,316140,940681,13.97,14.29
BOL,80,0,0,0,1,1540.09,2005,2010,4,1,70,5,0.04506,0.2025,59111,11970,265630,624541,10.57,10.94
BOL,80,0,0,0,1,1540.09,2005,2010,4,1,75,5,0.08035,0.33455,47141,15771,196278,358911,7.61,8.08
BOL,80,0,0,0,1,1540.09,2005,2010,4,1,80,99,0.19289,1,31370,31370,162633,162633,5.18,5.88
BOL,80,0,0,0,1,1540.09,2005,2010,4,2,0,1,0.03586,0.0348,100000,3480,97057,6972455,69.72,70.09
BOL,80,0,0,0,1,1540.09,2005,2010,4,2,1,4,0.00313,0.01242,96520,1199,383043,6875398,71.23,71.61
BOL,80,0,0,0,1,1540.09,2005,2010,4,2,5,5,0.002,0.00995,95321,948,474235,6492354,68.11,68.49
BOL,80,0,0,0,1,1540.09,2005,2010,4,2,10,5,0.00117,0.00583,94373,550,470490,6018119,63.77,64.16
BOL,80,0,0,0,1,1540.09,2005,2010,4,2,15,5,0.00136,0.00677,93823,635,467528,5547629,59.13,59.52
BOL,80,0,0,0,1,1540.09,2005,2010,4,2,20,5,0.00147,0.00734,93188,684,464230,5080102,54.51,54.91
BOL,80,0,0,0,1,1540.09,2005,2010,4,2,25,5,0.00158,0.00789,92504,730,460695,4615872,49.9,50.29
BOL,80,0,0,0,1,1540.09,2005,2010,4,2,30,5,0.00199,0.0099,91774,909,456598,4155177,45.28,45.67
BOL,80,0,0,0,1,1540.09,2005,2010,4,2,35,5,0.00297,0.01474,90865,1339,450978,3698579,40.7,41.11
BOL,80,0,0,0,1,1540.09,2005,2010,4,2,40,5,0.00381,0.01887,89526,1689,443408,3247602,36.28,36.68
BOL,80,0,0,0,1,1540.09,2005,2010,4,2,45,5,0.00537,0.0265,87837,2328,433365,2804194,31.92,32.34
BOL,80,0,0,0,1,1540.09,2005,2010,4,2,50,5,0.00714,0.0351,85509,3001,420042,2370829,27.73,28.15
BOL,80,0,0,0,1,1540.09,2005,2010,4,2,55,5,0.00871,0.0426,82508,3515,403752,1950787,23.64,24.09
BOL,80,0,0,0,1,1540.09,2005,2010,4,2,60,5,0.01116,0.05427,78993,4287,384248,1547034,19.58,20.05
BOL,80,0,0,0,1,1540.09,2005,2010,4,2,65,5,0.01779,0.08516,74706,6362,357625,1162787,15.56,16.05
BOL,80,0,0,0,1,1540.09,2005,2010,4,2,70,5,0.03363,0.15513,68344,10602,315215,805162,11.78,12.32
BOL,80,0,0,0,1,1540.09,2005,2010,4,2,75,5,0.06344,0.27379,57742,15809,249188,489947,8.49,9.12
BOL,80,0,0,0,1,1540.09,2005,2010,4,2,80,99,0.17417,1,41933,41933,240759,240759,5.74,6.61
BOL,90,0,0,0,1,1540.1,2005,2010,4,1,0,1,0.04222,0.04079,100000,4079,96624,6605769,66.06,66.29
BOL,90,0,0,0,1,1540.1,2005,2010,4,1,1,4,0.00311,0.01234,95921,1184,380760,6509145,67.86,68.1
BOL,90,0,0,0,1,1540.1,2005,2010,4,1,5,5,0.00217,0.01081,94737,1024,471125,6128385,64.69,64.93
BOL,90,0,0,0,1,1540.1,2005,2010,4,1,10,5,0.00135,0.00672,93713,630,466990,5657260,60.37,60.62
BOL,90,0,0,0,1,1540.1,2005,2010,4,1,15,5,0.00205,0.01022,93083,951,463038,5190270,55.76,56.01
BOL,90,0,0,0,1,1540.1,2005,2010,4,1,20,5,0.00232,0.01152,92132,1061,458008,4727232,51.31,51.56
BOL,90,0,0,0,1,1540.1,2005,2010,4,1,25,5,0.00257,0.01279,91071,1165,452442,4269225,46.88,47.13
BOL,90,0,0,0,1,1540.1,2005,2010,4,1,30,5,0.00301,0.01494,89906,1343,446172,3816782,42.45,42.71
BOL,90,0,0,0,1,1540.1,2005,2010,4,1,35,5,0.00374,0.01854,88563,1642,438710,3370610,38.06,38.32
BOL,90,0,0,0,1,1540.1,2005,2010,4,1,40,5,0.00491,0.02423,86921,2106,429340,2931900,33.73,34
BOL,90,0,0,0,1,1540.1,2005,2010,4,1,45,5,0.00679,0.03339,84815,2832,416995,2502560,29.51,29.78
BOL,90,0,0,0,1,1540.1,2005,2010,4,1,50,5,0.00908,0.04441,81983,3641,400812,2085565,25.44,25.72
BOL,90,0,0,0,1,1540.1,2005,2010,4,1,55,5,0.01266,0.06135,78342,4806,379695,1684752,21.51,21.8
BOL,90,0,0,0,1,1540.1,2005,2010,4,1,60,5,0.01615,0.07759,73536,5706,353415,1305057,17.75,18.06
BOL,90,0,0,0,1,1540.1,2005,2010,4,1,65,5,0.02565,0.12054,67830,8176,318710,951642,14.03,14.37
BOL,90,0,0,0,1,1540.1,2005,2010,4,1,70,5,0.04445,0.20004,59654,11933,268438,632932,10.61,11
BOL,90,0,0,0,1,1540.1,2005,2010,4,1,75,5,0.07943,0.33136,47721,15813,199072,364495,7.64,8.13
BOL,90,0,0,0,1,1540.1,2005,2010,4,1,80,99,0.19289,1,31908,31908,165422,165422,5.18,5.92
BOL,90,0,0,0,1,1540.1,2005,2010,4,2,0,1,0.03437,0.03339,100000,3339,97162,6996326,69.96,70.35
BOL,90,0,0,0,1,1540.1,2005,2010,4,2,1,4,0.00308,0.01222,96661,1181,383656,6899164,71.37,71.78
BOL,90,0,0,0,1,1540.1,2005,2010,4,2,5,5,0.00197,0.00979,95480,935,475062,6515508,68.24,68.64
BOL,90,0,0,0,1,1540.1,2005,2010,4,2,10,5,0.00115,0.00574,94545,543,471368,6040445,63.89,64.3
BOL,90,0,0,0,1,1540.1,2005,2010,4,2,15,5,0.00134,0.00666,94002,626,468445,5569078,59.24,59.66
BOL,90,0,0,0,1,1540.1,2005,2010,4,2,20,5,0.00145,0.00722,93376,674,465195,5100633,54.62,55.04
BOL,90,0,0,0,1,1540.1,2005,2010,4,2,25,5,0.00156,0.00777,92702,720,461710,4635438,50,50.42
BOL,90,0,0,0,1,1540.1,2005,2010,4,2,30,5,0.00196,0.00976,91982,898,457665,4173728,45.38,45.8
BOL,90,0,0,0,1,1540.1,2005,2010,4,2,35,5,0.00292,0.01451,91084,1322,452115,3716063,40.8,41.22
BOL,90,0,0,0,1,1540.1,2005,2010,4,2,40,5,0.00375,0.01857,89762,1667,444642,3263948,36.36,36.79
BOL,90,0,0,0,1,1540.1,2005,2010,4,2,45,5,0.0053,0.02614,88095,2303,434718,2819305,32,32.44
BOL,90,0,0,0,1,1540.1,2005,2010,4,2,50,5,0.00705,0.03462,85792,2970,421535,2384588,27.79,28.25
BOL,90,0,0,0,1,1540.1,2005,2010,4,2,55,5,0.00859,0.04204,82822,3482,405405,1963053,23.7,24.17
BOL,90,0,0,0,1,1540.1,2005,2010,4,2,60,5,0.01102,0.0536,79340,4253,386068,1557648,19.63,20.12
BOL,90,0,0,0,1,1540.1,2005,2010,4,2,65,5,0.01758,0.08421,75087,6323,359628,1171580,15.6,16.12
BOL,90,0,0,0,1,1540.1,2005,2010,4,2,70,5,0.03331,0.15373,68764,10571,317392,811953,11.81,12.37
BOL,90,0,0,0,1,1540.1,2005,2010,4,2,75,5,0.063,0.27215,58193,15837,251372,494560,8.5,9.16
BOL,90,0,0,0,1,1540.1,2005,2010,4,2,80,99,0.17417,1,42356,42356,243188,243188,5.74,6.66
